title,date,reporter,press,contents
"""술 사주는 형 조심하라"" 이 사태 예견한 경고 있었다",2021. 07. 23,정철우,MK스포츠,"한국 프로야구가 최대 위기를 맞았다. 
팬들의 신뢰가 땅에 떨어졌다. 만회할 수 있는 카드가 딱히 없다는 것이 더 큰 문제다. 돌아선 팬심을 되돌릴 방법이 없을 정도로 처참하게 무너지고 말았다. 
사건이 터지고 한 사람의 강연이 떠올랐다. '그 강연이 프로야구 선수 전체를 향한 것이었다면 이 사태를 막을 수 있었을까'하는 아쉬움이 남을 정도로 예리하고 명확한 강연이었다.
두산은 2019시즌 두산 유니폼을 입게 된 신인 선수들을 대상으로 교육을 했다. 
그 중 홍성흔 샌디에이고 마이너팀 코치의 강연이 포함돼 있었다. 홍 코치의 강연 내용은 신인들에게 피가 되고 살이 되는 명언들의 모음이었다. 
마치 지금의 사태를 예견이라도 한 듯, 선수들에게 꼭 피해야 할 것을 강조했다. 
홍 코치는 ""쉽게 술 사주는 주변 형님들을 만나지 마라""고 입을 열였다. 마치 이 사태를 예견한 듯한 경고의 말이었다. 
""신인 선수지만 프로 구단에 입단한 만큼 이제는 공인이다. 술로 인한 행동 실수는 본인 뿐만 아니라 팀에게도 가족에게도 손해를 끼친다""고 역설했다. 
홍 코치는 술을 멀리할 수 있는 선수가 돼야 성공할 수 있다고 말하며 ""경쟁자들이 술을 마시러 갈 때 타격 스윙 한 번 더 하라""고 충고했다.
홍 코치는 또 ""모든 게 술 때문이다. 여자 문제, 승부 조작, 도박 개입 등 모두 술에서 기인한다""고 후배들을 가르쳤다. 
홍 코치의 강연은 마치 예언이 되어 2년 뒤 한국 프로야구를 뒤집었다. 
술 잘 사주는 좋은(?) 형을 따라 나섰다가 여자 문제가 불거졌고 방역 수칙 위반이라는 약속까지 어기게 됐다. 
모든 것이 술에서 시작했다. 
결은 조금 다르지만 승부 조작에 연루된 선수들 대부분도 일단은 술로 시작한다. 
술 잘 사주던 형에게 마음을 열었다가 꼬임에 넘어가 결국 넘어선 안 될 선을 넘게 되는 것이다. 억대 연봉을 받는 선수들이 쌈짓돈 정도에 불과한 금액에 쉽게 승부 조작 유혹에 빠지는 이유다. 
홍 코치가 이미 2년 전에 이런 내용의 강연을 했다는 건 한국 프로야구에 이번 사태와 비슷한 음주 문화가 뿌리 깊게 내려 박혀 있었음을 뜻한다. 자신의 선수 시절에도 술의 유혹에 넘어가는 선수들을 많이 봤기에 나올 수 있는 이야기였다. 
이번 술판 파문이 단순히 연루된 몇몇 선수의 일탈에 그치지 않는 이유다. 지금 같은 음주 문화가 바꾸지 않으면 모든 선수들이 장본인이 될 수 있다. 
시즌 중 지나친 음주는 성실한 플레이에 대한 팬과의 약속을 저버리는 짓 임을 잊어선 안된다. 
만약 홍성흔 코치의 강연이 프로야구 선수 전체를 대상으로 한 것이었다면 이번 사태를 막을 수 있었을까. 
아쉽게도 고개가 가로 저어진다. 규칙이나 약속 따위는 헌신짝 처럼 여기는 이들에게 무슨 기대를 걸 수 있었겠는가. 
다만 홍 코치의 통찰력이 새삼 놀랍게 느껴질 뿐이다. 
또한 아직 그와 같은 정신력을 가진 선수들이 한국 프로야구에 적지 않게 남아 있을 수 있다는 희망도 가져보게 된다. 
프로로 성공하고 싶은 선수라면 홍 코치의 말들을 다시 곱씹어 봐야 할 것이다. 
[정철우 MK스포츠 전문기자]"
"""그저 빛""..선수촌 영양사에 보낸 김연경 카톡 뭐길래",2021. 07. 23,김은빈,중앙일보,"여자배구 국가대표 김연경 선수가 도쿄올림픽 선수촌 급식지원센터 영양사에게 보낸 카카오톡 메시지가 공개됐다. 
22일 MBN 유튜브 채널 '온마이크'에서는 한국 선수촌 급식지원센터 현장 상황을 소개하는 영상이 올라왔다. 급식지원센터는 최근 도쿄올림픽 선수촌에서 후쿠시마산 식재료가 사용돼 논란이 인 속에 대한체육회가 선수들을 위해 별도로 마련한 조리시설이다. 
조리사와 영양사 등 24명이 파견된 이 시설에서는 대부분 한국에서 가져온 식재료를 사용해 선수들에게 공급될 도시락이 만들어지고 있다. 
한정숙 급식지원센터 영양사는 인터뷰에서 ""일과는 도시락 준비로 여념이 없다""며 ""급식 지원으로 나오면 상당히 많은 어려움이 있는데, 선수들이 '너무 맛있게 먹어서 힘이 된다. 힘내겠다'는 메시지를 보내고 응원해 줄 때 굉장히 기쁘다""고 말했다. 
 한 영양사는 그러면서 김 선수를 언급했다. ""김연경 선수도 아주 맛있게 잘 먹고 있다고 문자를 보내온다""라면서다. 실제 한 영양사가 공개한 카카오톡 메시지를 보면, 김 선수는 ""저희 이제 연습 끝났어요! 도시락 아주 맛있게 먹고 있습니다! 먹고 힘낼게요""라는 말과 함께 하트 이모티콘으로 감사의 뜻을 표했다. 
한 영양사와 김 선수가 나눈 카카오톡 메시지 내용이 온라인 커뮤니티 등을 통해 알려진 후 네티즌들은 ""그저 빛"", ""너무 멋있다"" 등 반응을 보였다. 
한편 여자배구 국가대표팀은 오는 25일 브라질과 A조 조별리그 첫 경기를 치른다. 
김은빈 기자 kim.eunbin@joongang.co.kr"
"'앉으면 푹'-'선수 세 명 팡팡"".. 침대 논란에 제조사 대표가 답했다",2021. 07. 26,이해준,중앙일보,"23일 도쿄 올림픽 개막을 앞두고 뜻밖으로 골판지 침대가 가장 큰 이슈가 되고 있다. 
━ 올림픽 초반 이슈 몰고 온 골판지 침대  신종 코로나바이러스 감염증 대유행이라는 시대적 상황에 맞춰 성적 밀접촉을 방지하기 위한 것이라는 루머가 삽시간에 퍼졌다. 일부 외신과 언론은 ‘안티 섹스 침대’라는 별칭을 붙이기도 했다. 
미국 장거리 달리기 선수 폴 체리모는 17일 트위터를 통해 “누가 침대에 소변이라도 본다면 상자가 젖어서 침대가 무너질 것”이라며“난 이제 바닥에서 자는 법을 연습하겠다”고 비꼬기도 했다. 
이에 아일랜드 체조 선수는 리스 맥클리너건은 19일 ‘성관계 방지 침대’라는 것 “가짜 뉴스”라며 침대 위에서 뛰는 모습을 공개했다. 도쿄 올림픽 공식계정은 맥클리너건의 게시물을 공유하며 반가워했다.  
 
 ━ 계속되는 논란  하지만 이후에도 골판지 침대에 대한 상반된 평가와 논란이 이어지고 있다. 
뉴질랜드 조정 선수 마이클 브레이크는 21일 침대에 앉자마자 침대가 푹 꺼지자 폭소를 터트리는 모습을 SNS에 올렸다. 뉴질랜드 수영 대표 루이스 클라레버트는 침대 속에 3등분돼 있는 매트리스를 보여주며 “플라스틱 같다”고 질감을 설명하기도 했다. 
반면 같은 날 호주 필드하키 선수들은 5명이 침대 위에 올라가도 끄떡없는 침대를 담은 단체 인증샷을 공개했다. 선수 3명이 침대에서 팡팡 뛰는 모습도 올렸다. 골키퍼 레이첼 린치는 “골판지 침대에 대한 의문이 제기돼 이 부분을 시험해보기로 했다”며 “침대는 활동하기에 충분히 강하다는 걸 확인했다”고 밝혔다.  
━ 침대 회사 대표 “기술 담긴 건 매트리스” 
일본 니캇스포츠는 침대 제조사인 '에어 웨이브'사의 다카오카 혼슈(61) 회장을 인터뷰했다. 에어 웨이브는 아사다 마오 등을 오랫동안 후원해왔다. 
그는 ‘안티섹스 침대’논란에 대해 “그런 행위를 막기 위한 것이라는 건 착각이다. SNS의 위력에 깜짝 놀랐다”며 매트리스 위에서 뛰어 안전을 입증한 맥클리너건 선수에 대해 언급하며 “그의 트위터에 고맙다고 답장을 보냈다. 비밀은 침대 매트에 있으니 거기도 잘 봐달라고 했다”고 말했다. 
그는 세 부분으로 매트리스가 나뉜 것에 대해 “기술이 모두 담긴 곳이 매트리스다. 어깨, 허리, 다리로 나눠 경도가 다른 매트리스를 조합해 사용할 수 있다”고 했다. 
그는 골판지는 약하다는 느낌이 강하다는 질문에 대해 “오해다. 목재나 철제로도 실험했지만 가장 충격에 강한 게 골판지였다. 200kg까지 버틸 수 있다. 매클리너건보다 더 무거운 사람이 실험했다”며 “그래 봤자 골판지 아니냐는 사람도 있겠지만 이해가 깊어지는 과정이라 생각한다”고 했다. 
그는 “코로나라는 엄중한 상황에서 개최되는 올림픽이다. 회의 시간에도 가벼운 이야기로 아이스 브레이크를 한다. 이번 골판지 침대 논란이 도쿄 올림픽의 긴장감을 누그러뜨리는 아이스 브레이크가 되길 기대한다”고 말했다. 
이해준 기자 lee.hayjune@joongang.co.kr"
"축구 지자 악수 거부한 한국.. 안정환 ""매너 아쉽네요""",2021. 07. 23,권남영,국민일보,"김학범 감독이 이끄는 도쿄올림픽 한국 남자 축구 대표팀이 22일 뉴질랜드를 상대로 한 조별리그 B조 1차전에서 패배했다. 실망스러운 경기 내용뿐 아니라 경기 후 매너 없는 행동 때문에 더욱 거센 비판이 일고 있다.
한국 대표팀은 이날 오후 일본 이바라키 가시마 스타디움에서 열린 뉴질랜드와 남자축구 B조 조별리그 1차전에서 0대 1로 패했다. 경기 종료 후 결승골을 기록한 뉴질랜드 크리스 우드 선수는 우리 대표팀 선수들에게 악수를 청했다.
이 과정에서 이동경 선수는 우드 선수의 악수 요청을 외면했다. 거절당한 우드 선수는 멋쩍게 웃으며 돌아섰다.
MBC에서 해설을 맡은 안정환은 이 모습을 보고 “매너가 좀 아쉽네요”라고 지적했다.
축구팬들 역시 경기 직후 온라인 커뮤니티와 이동경 개인 SNS 등에 몰려가 그의 비신사적인 행동에 대한 비판을 쏟아내고 있다.
일각에선 이동경 선수의 행동은 방역수칙을 철저히 지킨 것뿐이라는 주장도 나왔다. 도쿄올림픽 조직위원회는 코로나19 확산 방지를 위해 상대 선수들과 하이파이브, 악수, 포옹 등을 금지하고 있다.
하지만 당시 이동경 선수는 눈인사 정도도 제대로 하지 않은 채 굳은 표정으로 시선을 외면했다는 점에서 이 주장은 설득력을 얻지 못하고 있다.
1패를 안은 한국은 각 조 2위까지 진출하는 8강 토너먼트행에 빨간불이 켜졌다. 한국 대표팀은 오는 25일 루마니아, 28일 온두라스를 상대한다.
권남영 기자 kwonny@kmib.co.kr"
'악수 논란' 이동경 SNS 터졌다..실시간 악플 세례,2021. 07. 23,스포츠한국 노진주 기자,스포츠한국,"[스포츠한국 노진주 기자] '악수 외면 논란' 이동경의 SNS에 악플이 달리고 있다.
김학범 감독이 이끄는 올림픽 축구대표팀은 22일 오후 5시 일본 이바라키 가시마 스타디움에서 뉴질랜드와 2020 도쿄올림픽 남자축구 B조 1차전을 치러 0-1로 패했다.
승부는 후반 24분 갈렸다. 한국을 울리는 뉴질랜드의 결승골이 터졌다. 벨이 문전 왼쪽에 있던 우드에게 공을 내줬다. 이 패스는 정태욱 몸에 맞고 우드에게 향했다. 우드는 지체없이 슈팅을 날려 한국 골망을 흔들었다. 이는 비디오판독 후 골로 인정됐다. 결국 이 골이 결승골이 됐고, 한국은 무난하게 승리할 것으로 예상됐던 뉴질랜드전에서 패했다.
이날 결과만큼이나 주목을 끈 것이 있다. 바로 이동경의 '악수 외면' 행동이다.
경기 후 이동경의 '악수 외면' 장면이 중계 카메라에 잡혔는데, 상황은 이러했다. 결승골을 넣은 뉴질랜드의 크리스 우드는 결과를 아쉬워하고 있는 이동경에게 먼저 다가가 악수를 청했다. 그런데 이때 이동경은 악수에 제대로 응하지 않는 제스처를 보였다. 악수를 청하는 우드의 오른손을 잡지 않고 자신의 왼손으로 툭 치기만 했다.
우드는 이동경의 이런 행동을 예상하지 못했다는 듯 머쓱하게 웃었다.
통상적으로 스포츠 경기 후 상대팀 선수가 악수를 청하면 그때만큼은 승패와 상관없이 악수를 받아주는 게 예의이자 매너다. 하지만 이동경은 이에 못 미치는 반응을 한 것은 맞다.
그러나 코로나19 속 치러지는 올림픽이란 점을 감안해야 한다. 이번 올림픽에선 코로나19 방역 차원에서 포옹, 악수, 하이파이브 등 신체 접촉을 일으킬 수 있는 행동이 금지돼 있다. 이에 '악수 거부' 자체는 문제가 되지 않는다. 하지만 스포츠 경기 정서 측면에서 보면 이동경의 행동은 비신사적으로 비춰질 수 있다.
일부 팬들은 이동경의 SNS을 찾아 악플을 남기고 있다. 이동경의 최근 게시물에 '국가대표면 국가대표답게 행동해야지', '기분따라 행동하면서 나라 망신 시키는 게 국가대표인가', '매너가 없다', '경기도 매너도 졌다' 등의 댓글을 남기며 비난을 쏟아내고 있다.
스포츠한국 노진주 기자 jinju217@sportshankook.co.kr"
"""케인, 주급 6억300만원에 맨시티 이적"" 더 선",2021. 07. 23,우충원,OSEN,"[OSEN=우충원 기자] 해리 케인의 맨체스터 시티 이적설이 제기됐다. 
더 선은 23일(한국시간) ""케인이 주급 40만 파운드(6억 3000만 원)을 받으며 맨시티로 이적하게 됐다. 다니엘 레비 회장은 최근 케인이 팀을 떠날 것이라고 전망했다""고 보도했다. 
이어 ""소식통에 따르면 케인은 기뻐하고 있다. 분명 좋은 조건으로 이적하게 됐다. 현재 그는 이보다 좋은 조건으로 이적하지 못할 것""이라고 전했다. 
케인은 지난 시즌 23골을 터뜨리며 프리미어리그 골든부츠를 수상했다. 리그 도움 1위에도 올랐다. 잉글랜드를 유로 2020 결승에 올렸다. 세계 최고 공격수 반열에 등극했다. 하지만 케인은 아직 우승 타이틀이 없다. 따라서 최근 이적설이 꾸준히 제기됐다. 
이적 가능성에 대해 케인은 일단 유로 2020이 끝난 뒤 결정할 것이라고 설명했다. 대회가 마무리 된 후 케인 이적설이 다시 점화됐다. 
그동안 토트넘은 케인 이적료로 1억 5000만 파운드(2350억 원)으로 알려졌다. 더 선은 구체적으로 이적료에 대해서는 언급하지 않았다. 
맨시티가 케인에 관심을 보인 것은 세르히오 아구에로의 대체자로 케인을 점찍었다. 펩 과르디올라 감독은 케인에 대해 큰 관심을 보였고 결국 영입할 가능성이 높아졌다. 
물론 토트넘은 케인에 대해 애정이 깊다. 누누 산투 감독은 ""케인은 우리 선수""라며 잔류를 확신했다. 또 현지 언론은 토트넘이 1억 파운드의 제안을 거절했다는 보도가 나왔다. 
하지만 현실은 다르다. 케인도 토트넘을 떠날 상황이지만 불편한 관계를 맺고 싶지 않다. 더 선은 ""케인은 토트넘 유소년팀을 거쳐 프로에 데뷔했다. 따라서 애정이 특별하다. 하지만 우승에 대한 욕심도 어느 때 보다 크다. 
더 선은 ""레비 회장은 케인을 런던 연고지 팀으로 보내고 싶지 않다. 조건은 잠정적으로 결정됐다. 토트넘과 맨시티 모두 긍정적인 이적이 될 것""이라고 설명했다.        /10bird@osen.co.kr"
해리 케인 결국 토트넘 떠난다. 이적료 1억6000만파운드에 맨시티행 결정,2021. 07. 23,이원만,스포츠조선,"[스포츠조선 이원만 기자] 잉글랜드 프리미어리그 토트넘 홋스퍼의 간판 스타인 해리 케인이 결국 새 팀으로 떠나게 됐다. 다니엘 레비 토트넘 회장이 케인을 풀어준 것. 케인의 새 정착지는 바로 맨체스터 시티다.
영국 대중매체 더선은 23일(한국시각) '레비 회장이 결국 케인의 이적에 동의했다. 케인이 이적료 1억6000만파운드(약 2531억원)에 맨시티로 가게 됐다'고 보도했다. 이 매체는 케인이 맨시티에 합류하게 되면 주급으로 40만파운드(약 6억3000만원)를 받게 될 것이라고 전했다. 레비 회장은 지난 주 금요일에 케인에게 이적 동의에 대해 통보한 것으로 알려졌다. 케인은 이같은 결정을 들은 뒤 일요일에 열린 친형의 결혼식에 들러리로 참석해 이적에 대한 기쁨을 감추지 않았다. 토트넘과 좋은 관계를 유지하면서 결국 레비 회장의 허락을 받아 새 팀으로 떠날 수 있게 됐기 때문.
케인과 맨시티의 계약은 아직 최종 확정된 상태는 아니다. 현재 막판 협상이 이뤄지고 있다. 이적료와 주급 수준이 결정됐고, 기간이 남아있다. 총 기간이 4년에서 5년 사이에 결정될 전망이다. 
이원만 기자 wman@sportschosun.com"
"[올림픽] ""김이 왜 거기서 나와""..논란의 1만7천원 '고무버거' 먹어보니",2021. 07. 23,이재상 기자,뉴스1,"(도쿄=뉴스1) 이재상 기자 = 도대체 얼마나 맛이 없길래 이렇게까지 논란이 되는 것일까. 
2020 도쿄 올림픽 개막을 앞두고 국내·외 기자들 사이에 '고무 같은' 고기 패티가 들어간 1만6700원(1600엔)짜리 버거가 화제다. 
프랑스의 취재기자 아르노우 레지스는 지난 20일 자신의 트위터에 도쿄 올림픽 메인프레스센터(MPC)서 판매되는 햄버거 사진을 올렸다. 
제지스는 '새로운 올림픽 스캔들'이라며 ""MPC버거, 고무 같은 고기, 차가운 빵, 모두 1600엔(1만6700원). 기자 여러분 먼저 드세요""라고 비꼬았다. 이 트윗은 전 세계로 뻗어나갔다. 대부분의 반응은 ""설마 저 정도일까"", ""맛이 진짜 궁금하다""는 식이었다.
도쿄 올림픽 현장에 있는 '뉴스1' 취재진은 논란이 된 버거의 진위를 확인하기 위해 23일 오전 MPC 내 식당을 찾았다.
취재진은 이곳 식당서 판매하는 시그니처(대표) 메뉴 '도쿄 버거'를 구매했다. 가격은 알려진 대로 1600엔. 280엔(약 2900원)짜리 탄산음료까지 구매하니 대략 2만원이 나왔다.
설레임과 기대감 속에 실제 버거를 구매했다. 그 안에는 고기 패티와 약간의 야채, 정체 모를 검은색 가루(?), 그리고 감자튀김이 들어있었다.
버거를 한 입 베어 물자 악평대로 뻑뻑한 식감에 한숨이 나왔다. 육즙이라고는 찾아볼 수 없는 패티. 그나마 케첩과 마요네즈 등을 첨가하니 조금은 나아졌다.
가장 충격적인 것은 바로 '김'이었다. 버거에 김 가루가 첨가돼 안 그래도 뻑뻑하고 맛을 알 수 없는 버거가 더 최악으로 느껴졌다.
맥도날드 등 프랜차이즈 제품 수준을 기대한 것은 아니었지만 '김'으로 인해 미간이 자연스럽게 찌푸려질 수밖에 없었다.
주변에 자리했던 외신 기자들도 배고픔에 버거를 한 입 베어 물다 곧바로 인상을 쓰는 모습이었다. 심지어 조미도 안 된 생김 가루를 보고는 눈이 커졌다. 
그동안 중동과 남미, 유럽 등 세계 여러 국가를 취재 갔어도 접할 수 없었던 새로운(?) 맛이었다.
동행했던 다른 취재진은 ""김이 들어간 버거는 진짜 처음 먹어본다. 어떻게 표현할 수 없는 맛이다. 외신들이 접했을 때 충격받을 것""이라고 악평을 쏟아냈다.
MPC 내 식당이라는 특수성으로 인해 가격이 비싼 것은 어느 정도 이해할 수 없었지만. 역대급 최악이었던 버거의 맛은 절대 잊어버리지 못할 것 같다. MPC 식당의 버거를 구매하는 것은 이번이 처음이자 마지막이 될 것이라는 확신이 든다.
alexei@news1.kr"
"올림픽 태권도, 개최국 일본에선 못 본다",2021. 07. 23,김동현 기자,조선일보,"우리나라 고유 운동 태권도가 도쿄올림픽 정식 종목으로 참가하는 가운데, 정작 개최국 일본에선 태권도 경기를 볼 수 없을 전망이다. TV 생중계와 녹화 중계, 인터넷 중계 어디에도 편성 계획이 잡혀있지 않다. 전체 경기 96%가 무관중 경기로 열리는 데다, 코로나 확산 우려로 자국 내 ‘스테이 홈’ 응원을 홍보한 일본이 비인기 종목 중계엔 소홀하다는 비판이 나온다.
일본 주피터 텔레콤이 공개한 2020 도쿄올림픽 TV 방송 일정에 따르면, 이번 올림픽 기간 동안 일본에서 태권도 대회를 생중계하는 방송사는 없다. 대개 TV 생중계가 없는 종목은 녹화 방송 혹은 공식 사이트 내 인터넷 생중계로 대체된다. 하지만 태권도 중계 계획은 녹화 방송으로도, 인터넷 생중계로도 찾아볼 수 없다. 태권도 대회는 오는 24일부터 27일까지 일본 지바현 마쿠하리 메세 경기장에서 열린다. 전면 무관중으로 진행되는 곳이다. 해외 중계 사이트로 우회하거나 방송 편성이 늘어나지 않는 이상, 현장 스태프와 관계자가 아니면 일본에서 도쿄올림픽 태권도 경기를 볼 수 있는 방법은 없다.
태권도는 1988년 서울올림픽에서 시범종목으로 선정된 이후, 2000년 시드니올림픽부터 올해 도쿄올림픽에 이르기까지 매번 정식 종목으로 채택돼 왔다. 우리나라 고유 운동이지만, 세계적으로도 널리 보급되어 올림픽이 열릴 때마다 치열한 메달 경쟁이 펼쳐진다. 도쿄올림픽엔 우리나라를 비롯해 개최국 일본, 스페인, 포르투갈 등 27개 대표팀·131명 선수들이 출전한다. 이들이 24일부터 27일까지 8개 금메달을 두고 경쟁을 펼친다. 하지만 태권도는 일본에선 비인기 종목이다. 2000년 시드니올림픽에서 오카모토 요리코 선수가 동메달을 땄지만, 그 이후로 올림픽 메달 소식이 없다. 도쿄올림픽엔 2015년 세계태권도선수권대회에서 금메달을 차지한 하마다 마유 선수가 출전한다. 하지만 다른 인기 종목들에 비해 큰 주목을 받고 있진 못하다. 이런 배경이 태권도가 일본 내 중계 편성에서 빠지게 된 이유로 분석된다.
일본 중계방송에서 외면당한 종목은 태권도뿐 아니다. 카누, 조정, 사격 등 비인기 종목들이 TV 생중계 편성에서 빠졌다. 카누는 녹화 방송 및 인터넷 생중계, 조정은 인터넷 생중계로 대체됐다. 사격 종목은 태권도처럼 모든 편성에서 빠진 상태다.
일본은 65세 이상 고령층이 전체 국민 20%를 넘은 초고령사회다. 일본의 텔레비전 잡지 라이터는 “고령의 시청자들은 인터넷 생중계가 익숙지 않아 접근하기 어렵다”고 지적했다. 현지 매체 스마트 플래시(Smart Flash)에 따르면, 스포츠 작가 고바야시 신야(65)는 “관중 없이 진행하기로 한 이상, 전(全) 경기를 최소한 볼 수라도 있게 해줬으면 한다”며 “미국에서 (올림픽) 방영권을 얻은 NBC는 인터넷 방송을 포함해 전 경기를 방영할 예정”이라고 말했다. 이어 그는 “선수뿐 아닌 응원하는 가족과 친구, 팬들을 위해서라도 해결해야 한다”며 “사람들과 마음이 점점 멀어지는 올림픽이 되지 않았으면 좋겠다”고 말했다."
"'5연승 및 시즌 6승' 김광현, 7월 NL 다승-ERA 1위",2021. 07. 23,노재형,스포츠조선,"[스포츠조선 노재형 기자] 세인트루이스 카디널스 김광현이 생일을 맞아 시즌 6승에 성공했다.
김광현은 23일(이하 한국시각) 부시스타디움에서 열린 시카고 컵스와의 홈경기에 선발등판해 6이닝 동안 2안타를 맞고 2실점해 3대2 승리를 이끌었다. 지난 1일 애리조나 다이아몬드백스전 이후 5연승을 달려 시즌 6승5패.
21타자를 상대해 1볼넷을 내주고 삼진 7개를 빼앗았다. 최고 92마일 직구와 주무기인 슬라이더, 낙차 큰 커브 및 체인지업을 고루 구사하며 84개의 공을 던진 김광현은 평균자책점이 2.87에서 2.88로 수준을 유지했다. 다만 연속이닝 무실점 행진은 '24⅔'에서 멈춰섰다. 
현지 시각 7월 들어 3경기 연속 무실점 행진, 4경기 연속 퀄리티스타트를 올린 김광현은 '내셔널리그 7월의 투수'로 유력하게 점쳐지고 있다. 7월 4경기에서 4승, 25이닝 동안 2실점, 평균자책점 0.72를 마크하고 있다. 7월에 3경기 이상 선발등판한 내셔널리그 투수 58명 가운데 다승과 평균자책점 1위다. 김광현은 오는 29일 클리블랜드 인디언스전을 7월 마지막 경기로 남겨놓고 있다.
초반은 완벽했다. 1회초 선두 윌슨 콘트레라스를 중견수 플라이로 처리한 김광현은 앤서니 리조를 바깥쪽 85마일 슬라이더를 던져 헛스윙 삼진으로 잡은 뒤 패트릭 위즈덤을 역시 슬라이더로 중견수 뜬공으로 제압하며 이닝을 마쳤다.
2회에도 세 타자를 가볍게 요리했다. 선두 하비에르 바에즈를 헛스윙 삼진으로 잡은 뒤 제이크 매리스닉을 2루수 땅볼, 라파엘 오르테가를 바깥쪽 슬라이더로 헛스윙 삼진으로 돌려세웠다. 
이어 1-0으로 앞선 3회에는 선두 닉 호너를 유격수 에드문도 소사의 실책으로 내보냈지만, 이안 햅을 69마일 느린 커브로 헛스윙 삼진으로 잡더니 번트를 시도한 투수 알조레이를 3루수 병살타로 유도하며 금세 이닝을 정리했다.
하지만 3-0으로 앞선 4회초 제구가 흔들려 2실점했다. 김광현은 투아웃을 잡은 뒤 위즈덤을 볼넷으로 내보내고 바에즈에게 89마일 직구를 한복판으로 던지다 중전안타를 내줘 1,2루에 몰렸다. 이어 매리스닉에게 우중간 2루타를 얻어맞아 주자 2명이 모두 홈을 밟았다. 볼카운트 2B2S에서 5구째 바깥쪽 91마일 직구가 살짝 몰린 게 아쉬웠다. 하지만 곧바로 오르테가를 헛스윙 삼진으로 잡고 이닝을 마쳤다.
5회를 다시 삼자범퇴로 막은 김광현은 6회 선두 콘트레라스와 리조를 연속 외야 플라이로 잡은 뒤 위즈덤을 바깥쪽 체인지업으로 헛스윙 삼진으로 솎아내고 포효했다. 
세인트루이스는 1회 딜런 카슨의 솔로홈런, 3회 놀란 아레나도의 투런홈런으로 3점을 뽑아 김광현을 지원했다. 1988년 7월 22일생인 김광현은 현지 시각으로 이날이 33번째 생일이었다. 노재형 기자 jhno@sportschosun.com"
"진종오가 마스크 고집하는 이유..이상하지만, 너무도 소중한 마지막 올림픽 [도쿄 라이브]",2021. 07. 23,도쿄 | 김은진 기자,스포츠경향,"[스포츠경향] 
‘사격 황제’ 진종오(42)는 진천선수촌에서 늘 마스크를 착용하고 훈련했다. 코로나19 위험 속에 열리는 올림픽, 답답하고 불편하지만 안전하게 대회를 마치기 위한 노력이었다.2020 도쿄올림픽 조직위원회는 사격 권총 선수들에게 마스크 착용을 의무화하지 않았다. 특히 결선에서는 중계 화면에 얼굴이 잘 나와야 한다는 이유로 오히려 마스크를 벗으라는 지침이 내려왔지만 진종오는 “마스크를 쓰고 경기하겠다”고 했다.진종오는 이번 대회에서 2개 종목에 출전한다. 24일 10m 공기권총 개인전을 치른 뒤 27일 추가은과 함께 혼성단체전에 나가야 한다. 2024 파리올림픽 대표 선발전에도 도전해보는 것이 최종 목표라고 했지만 실질적으로 도쿄는 사격황제의 마지막 올림픽 무대가 될 가능성이 높다. 소중한 마지막 무대를 가능한 한 끝까지 무사하게 치르고 싶은 소망, 진종오가 불편한 마스크를 오히려 고집하는 이유다.2020 도쿄올림픽은 젊음, 축제라는 표현이 전혀 어울리지 않게 돼버렸다. 하지 말라는 것이 너무 많은 위험한 대회다. 그러나 평생의 꿈을 담은 땀을 흘려온 선수들에게는 여전히 인생의 무대다. 진종오처럼 어쩌면 마지막이 될지 모른다는 각오를 가졌다면 이 이상한 올림픽이야말로 가장 소중한 무대다.‘배구여제’ 김연경(33)은 지난 22일 자신의 SNS 계정에 여자배구 대표팀 선수들과 훈련장에서 찍은 사진을 게시했다. 5명이 양팔을 머리 위로 모아 원을 그려 오륜마크를 만들며 마지막이 될 올림픽을 후배들과 함께 기념했다. 김연경은 2012년 런던과 2016년 리우데자네이루에 이어 세번째인 도쿄를 끝으로 올림픽 무대를 마치게 된다. 올림픽 공식 정보사이트에서 ‘갓연경(God Yeon-Kyoung)’ ‘식빵언니(Bread Unnie)’라고 별명까지 정확하게 소개할만큼 여전히 한국 여자배구의 중심이지만 후배들과 함께 할 마지막 올림픽을 실컷 즐기고 있다. 25일 브라질전으로 그 마지막 무대를 시작한다.
2012년 런던에서 한국 남자 양궁 개인전에 첫 금메달을 안겼던 오진혁(40)은 2016년 리우데자네이루에는 가지 못했다. 은퇴를 이야기하는 나이가 됐지만 어깨 부상까지 극복하고 2021년 도쿄에서 다시 태극마크를 달고 활을 잡는다. 한국 양궁 사상 최초로 40대에 올림픽에 나서게 된 오진혁은 “런던 때의 경험을 살려 동생들을 잘 이끌겠다. 후회없는 올림픽을 치르겠다”고 다짐하고 있다. 26일 펜싱 여자 사브르 메달 사냥에 나서는 ‘미녀 검객’ 김지연(33)은 불굴의 의지로 정말 어렵게 마지막 기회를 잡았다. 지난해 2월 아킬레스건이 끊어지는 부상을 당해 눈물 속에 포기해야 했던 올림픽이 코로나19로 1년 연기되면서 준비할 기회를 얻었다. 1년 사이, 모두가 어려울 거라던 재활을 마치고 다시 검을 잡아 도쿄행 티켓까지 따냈다. 2012년 런던올림픽에서 여자 사브르 금메달을 따 한국 여자 펜싱에 사상 첫 금메달은 안겼던 김지연은 2016년 리우데자네이루에서는 메달 획득에 실패해 아쉬움 속에 귀국했다. 세번째 그리고 마지막 올림픽이 될 도쿄에 입성한 김지연은 “마지막이 될 올림픽이니 후회 없이 하겠다”고 다짐했다.13년 만에 다시 올림픽 무대에 나서는 야구 대표팀에도 마지막 도전에 나서는 형님들이 있다. 오승환(39)과 강민호(36), 김현수(33)는 올림픽 2연패를 노린다. 2008년 베이징에서 20대의 젊은 패기로 한국 야구 사상 첫 올림픽 금메달을 따냈던 셋은 이제 자신들을 보고 자란 ‘베이징키즈’들을 이끌고 생애 마지막이 될 올림픽 무대로 향한다.도쿄 | 김은진 기자 mulderous@kyunghyang.com"
'왜 이렇게 잘 던져?' 몰리나가 김광현 글러브를 살핀 이유는?,2021. 07. 23,윤승재,엑스포츠뉴스,"(엑스포츠뉴스 윤승재 기자) ‘잠시 글러브 검문이 있겠습니다.’
투구를 마치고 더그아웃으로 돌아오던 김광현을 갑자기 포수 몰리나가 제지했다. 그리고 김광현의 글러브를 받아들고는 ‘이물질’이 묻어 있는지 확인하기 시작했다. 일종의 상황극이었다. 이에 김광현은 여유 있는 표정으로 벨트를 푸는 시늉을 하며 몰리나의 기습 상황극에 화답했다.
김광현은 23일(한국시간) 오전 미국 미주리주 세인트루이스의 부시스타디움에서 열린 2021 메이저리그 시카고 컵스와의 홈경기에 선발 등판, 6회까지 84개의 공을 던져 2피안타 1볼넷 7탈삼진 2실점을 기록하며 시즌 6승(5패)을 달성했다. 평균자책점은 2.87에서 2.88로 소폭 상승했다. 
이날 승리로 김광현은 개인 5연승을 질주했다. 7월 등판한 4경기에선 모두 퀄리티스타트를 기록 중이다. 7월 평균자책점도 0.72밖에 되지 않는다. 이날 3회까지 이어진 24이닝 연속 무실점 행진은 4회 2사 후 맞은 적시타로 깨졌으나 연승을 이어가는 데는 큰 문제가 없었다. 
 너무나도 잘 던지고 있는 김광현이기에, 그를 향한 이물질 검문도 피해갈 수 없었다. 올 시즌 메이저리그에선 공수 교대시 심판들이 투수의 글러브나 모자, 벨트 등을 살피는 장면을 종종 볼 수 있다. 메이저리그 사무국이 이물질 검사를 강화했기 때문. 김광현 역시 지난 경기들에서 수차례 심판들의 검문을 받기도 했다. 하지만 김광현은 개의치 않고 호투를 이어가며 연속 무실점 이닝 행진을 이어갔다. 
계속되는 김광현의 호투에 베테랑 포수 몰리나도 화색했다. ‘글러브 검문’ 꽁트로 에둘러 그의 호투를 칭찬했다. 김광현도 여유 있는 제스처로 재치 있게 받아쳤다. 김광현의 여유와 자신감을 엿볼 수 있었던 장면이었다. 
사진=AP/연합뉴스, MLB 중계 캡처
윤승재 기자 yogiyoon@xportsnews.com"
아무리 다리 차였다지만..'올림픽정신' 놓친 이동경의 아쉬운 행동,2021. 07. 23,김정현,엑스포츠뉴스,"(엑스포츠뉴스 김정현 기자) 첫 패배를 당한 올림픽 축구 대표팀이 매너에서도 아쉬운 모습을 보였다. 
대한민국 올림픽 축구 대표팀은 22일 이바라키 가시마 스타디움에서 열린 2020 도쿄올림픽 남자축구 B조 1차전 뉴질랜드전에서 0-1로 충격 패를 당했다. 후반 30분 크리스 우드에게 통한의 실점을 허용하며 아쉬운 결과를 받아들었다. 
대표팀은 이날 경기를 주도하면서 파상 공세를 퍼부었지만, 전반에 선제골을 터뜨리지 못하며 후반을 맞이했다. 뉴질랜드가 점차 올라오면서 공간이 날 듯 보였지만 공간이 나오지 않았고 결국 상대의 공격 전환 상황에서 수비 제어가 되지 않은 것이 화근이 됐다. 
우드의 슈팅이 나오기 전까지 수비 방해를 전혀 받지 않고 크로스와 슈팅이 이어졌고 우드의 슈팅은 불운하게도 수비에 굴절되며 우드의 득점이 취소됐다가 VAR 판독 끝에 인정됐다. 이후에 대표팀은 급하게 라인을 올리며 공격에 나섰지만, 뜻대로 풀리지 않았다.
예상과 다르게 뉴질랜드에 유리한 상황으로 전개됐고 거기에 심판 판정도 우리에게 호의적으로 나오지 않았다. 뉴질랜드 선수들이 거친 파울을 연달아서 하면서 대표팀 선수들도 신경이 날카로워졌다.
특히 후반 31분 이동경이 볼을 받는 과정에서 상대 클레이턴 루이스에게 다리를 차였고 오히려 루이스가 스스로 넘어졌다. 이동경은 그에게 다가가 항의했고 심판이 말리는 과정이 발생했다. 루이스는 경고를 받았지만 이동경은 그 이후에 계속 짜증이 난 듯한 표정이 경기 종료까지 이어졌다. 
경기가 종료되고 결승 골의 주인공 우드가 동료들과 대한민국 선수들과 인사를 나눴다. 황의조는 패배에도 밝은 미소로 악수를 했다. 우드는 이어 이동경에게 다가가 악수를 요청했지만 굳은 표정이었던 이동경은 악수를 손등으로 거절하며 자리를 떴다. 우드는 멋쩍은 듯 카메라를 바라보며 웃음을 지었다. 
경기에서 패하고 경기 내내 짜증이 날 수 있는 상황이었지만 상대의 인사를 받아주지 않은 모습은 패배에 이은 또 다른 아쉬움으로 남았다. 어쨌든 올림픽이라는 무대가 갖는 의의, 그리고 스포츠 정신이 무엇인지 생각했을 때 분명 좋지 않은 매너였다. 
경기는 물론 경기 외적으로도 아쉬운 모습을 남긴 대표팀은 이틀 휴식 이후 25일 저녁 8시 루마니아와 같은 경기장에서 조별리그 2차전을 치른다. 승점을 얻지 못한 대표팀은 이 경기에서 반드시 승점 3점을 얻어야 하는 과제를 떠안게 됐다. 
 사진=연합뉴스/중계화면 캡쳐
김정현 기자 sbjhk8031@xportsnews.com"
"[오피셜] '팀내 최고 대우' 손흥민, 토트넘과 4년 재계약..2025년까지",2021. 07. 23,강동훈,골닷컴,"[골닷컴] 강동훈 기자 = 토트넘의 핵심 손흥민이 팀 내 최고 대우를 받으며 재계약을 체결했다.
 토트넘은 23일(한국시간) 공식 홈페이지를 통해 ""구단은 손흥민과 재계약을 맺게 된 소식을 전하게 되어 기쁘다. 손흥민은 2025년까지 함께 한다""고 발표했다.
 손흥민은 지난 2015년 여름 레버쿠젠에서 토트넘으로 이적한 뒤 매 시즌 발전을 거듭하며 팀의 핵심 선수로 자리매김했다. 첫 시즌은 고전했지만, 이내 적응을 마치면서 매 시즌 두 자릿수 득점에 성공했다. 손흥민은 통산 280경기를 소화하며 107골 64도움을 기록했다.
 특히 지난 시즌 활약이 인상적이었다. 프리미어리그에서만 37경기 17골 10도움으로 최다 공격포인트 3위에 이름을 올렸고, 개인 커리어 하이를 달성했다. 2시즌 연속 10-10 달성과 더불어 PFA 올해의 팀에 선정되는 영광도 누렸다.
 하지만 일각에서는 손흥민이 토트넘과 좋은 관계를 맺고 있음에도 계약 기간이 2년밖에 남지 않아 떠날 수 있다는 가능성을 제기했다. 챔피언스리그 진출에 실패하고, 우승권과 계속 멀어지자 그 가능성은 더 커졌다.
 이에 토트넘은 적극적으로 손흥민 붙잡기에 나섰다. 자칫 잘못하면 팀의 핵심을 잃을 수 있는 위기에 놓이자 발 빠르게 움직였고, 파격적인 재계약 조건을 제시했다. 결국 손흥민은 토트넘과 재계약에 사인하면서 계속 동행하게 됐다.
 영국 현지 대다수 언론의 보도에 따르면 손흥민은 주급 20만 파운드(약 3억 1,500만 원)를 받는 것으로 알려졌다. 이는 팀 내에서 해리 케인, 탕귀 은돔벨레와 함께 최고 대우에 해당한다. 프리미어리그 내에선 8위에 해당하는 고액 연봉이다. 손흥민은 그동안 팀에 헌신하며 보여온 맹활약을 드디어 인정받게 됐다.
 사진 = Getty Images, 토트넘"
"[올림픽] 김학범호 '악수 거부' 논란..일본 매체 ""올림픽 정신 어디 갔나""",2021. 07. 23,안영준 기자,뉴스1,"(서울=뉴스1) 안영준 기자 = 김학범 감독이 이끄는 한국 축구대표팀의 이동경(울산)이 경기 종료 후 상대의 악수를 거절해 논란이 일고 있다. 
김학범호는 22일 오후 5시 이바라키 가시마 스타디움에서 열린 2020 도쿄 올림픽 B조 뉴질랜드와의 첫 경기에서 0-1로 졌다.
경기 후 선수들이 인사를 나누는 과정서 사건이 발생했다. 경기 종료 후 결승골을 기록한 뉴질랜드 크리스 우드(번리)는 한국 대표팀 선수들에게 악수를 청했다.
패배의 아쉬움이 컸던 이동경은 우드의 악수 요청을 거절하며 가볍게 손만 갖다 댔다. 우드는 멋쩍게 웃으며 돌아갔다. 이 장면은 TV 중계를 통해 퍼져나갔다.
일본 매체 '사커다이제스트'는 ""이동경은 잉글랜드 프리미어리그에서 오래 뛴 베테랑(노련자)의 악수를 눈도 마주치지 않고 거절했다""며 ""결과와 상관없이 서로를 존중해야 하는 올림픽 정신은 어디로 갔느냐""며 비판했다. 
축구 팬들 역시 온라인 커뮤니티를 통해 ""경기도 지고 매너도 졌다""며 비난을 쏟아내고 있다. 이동경이 과거에 운영하던 SNS엔 '악수 거부'를 비난하는 댓글이 1400개 가까이 달렸다. 
일각에선 이동경이 신종 코로나바이러스 감염증(코로나19) 감염 확산을 막기 위해 방역수칙을 지킨 것이라고 주장하고 있다. 도쿄 올림픽 조직위원회는 코로나19 확산 방지를 위해 상대 선수들과 하이파이브(손뼉맞장구)와 악수 등 신체적 접촉을 금지하고 있다. 
한편 1패를 안은 한국은 25일 루마니아, 28일 온두라스를 상대로 반등을 노린다.
tree@news1.kr"
"[올림픽] 양궁 '막내들' 김제덕-안산, 첫 혼성전 출전확정..3관왕 도전(종합)",2021. 07. 23,이재상 기자,뉴스1,"(도쿄=뉴스1) 이재상 기자 = 남녀 양궁 대표팀의 '막내'들이 일을 냈다.
김제덕(17·경북일고)과 안산(20·광주여대)이 쟁쟁한 선배들을 제치고 2020 도쿄 올림픽 양궁 랭킹라운드서 나란히 남녀부 1위에 올랐다.
김제덕은 3일 도쿄 유메노시마 양궁장서 열린 2020 도쿄 올림픽 양궁 남자 랭킹라운드서 688점을 기록, 미국의 브래디 엘리슨(682점)을 제치고 전체 1위에 자리했다.
앞서 오전에 열린 여자부에서는 안산이 680점을 쏴 랭킹라운드 1위를 달성한 바 있다. 2위는 677점의 장민희(인천대), 3위는 675점의 강채영(현대모비스)의 차지였다.
이로써 랭킹라운드서 나란히 1위에 오른 김제덕과 안산은 혼성전 출전권도 획득했다.
한국 양궁대표팀은 이번 대회를 앞두고 랭킹라운드 선두를 차지한 선수에게 혼성전 출전권을 주기로 했다.
미리 멤버를 정하지 않고 당일 컨디션이 제일 좋은 선수를 출전시킨다는 계획이었다. 누가 나가더라도 좋은 호흡을 발휘할 수 있도록 여러 조합의 시뮬레이션은 이미 마쳤다.
많은 이들의 예상을 깨고 올림픽 역사상 처음 열리는 양궁 혼성전 티켓의 주인공은 막내 김제덕과 안산이 차지하게 됐다. 개인전, 단체전과 함께 혼성전 정상을 차지한다면 양궁사 최초로 3관왕에 등극할 수 있다. 
'무서운' 막내들이 출전하는 양궁 혼성전은 24일 같은 장소서 열린다.
alexei@news1.kr"
[도쿄올림픽] 태극기+대한민국..日어린이가 만든 '올림픽의 기적',2021. 07. 23,정형근 기자,스포티비뉴스,"[스포티비뉴스=가시마, 정형근 기자] 일본인 관중만 입장한 가시마 스타디움. 박자에 맞춰 “대한민국”을 외치는 소리가 들렸다. 귀를 의심했다. 옆에 앉은 취재진에게 ‘대한민국’이 맞는지 묻자 “설마”라는 답이 돌아왔다. 
소리의 근원지를 향해 카메라 줌을 당겼다. 그러자 태극 문양이 보였다. 물음표는 확신으로 바뀌었다. 일본 어린이 관중들은 ‘태극기 부채’를 좌우로 흔들며 “대한민국”을 외치고 있었다. 
한국은 22일 일본 이바라키 가시마 스타디움에서 남자 축구 조별리그 B조 1차전 뉴질랜드와 경기를 펼쳤다. 
일본 도쿄도는 코로나19 확산으로 긴급사태가 발효되며 무관중 경기가 확정됐다. 올림픽 전체 경기의 96%가 무관중 경기로 열리지만, 도쿄에서 약 100km 이상 떨어진 가시마는 긴급 사태 지역에 포함되지 않아 관중이 입장할 수 있었다. 경기 전 축구협회 관계자는 “200명 미만의 일본 학생들이 입장할 것”이라고 전했다. 
그런데 킥오프 시간이 다가오자 일본 어린이 관중들이 급속도로 늘기 시작했다. 어림잡아 약 1,000여명의 관중이 골대 뒤편에 자리했다. 색깔이 있는 모자를 쓴 어린이들은 질서정연하게 앉아 차분히 경기 시작을 기다렸다. 
휘슬이 울리자 본격적인 응원이 시작됐다. 특히 노란색 모자를 쓴 일본 어린이들은 쉴 새 없이 태극기 부채를 휘날리며 “대한민국”을 외쳤다. 중계 화면에 잡힌 아이들 가운데는 태극기를 직접 그리고, 한글로 ‘화이팅’이라고 쓴 아이도 있었다. 입장을 바꿔 생각하면 한국 아이들이 일장기를 흔들며 ‘울트라 닛뽄’을 외친 것과 마찬가지였다. 
어린이들뿐만이 아니었다. 경기장 대형 전광판에는 일본 성인 관중들의 ‘랜선 응원’이 펼쳐졌다. 일본 성인 관중들도 “대한민국”을 외치며 한국 선수들에게 힘을 불어넣었다. 
올림픽 개막을 앞두고 한국과 일본은 여러 차례 충돌했다. ‘이순신 현수막’과 욱일기, 후쿠시마산 식자재, 독도 표기 논란 등 민감한 사인으로 대립했다. 한일 갈등 양상으로 국제올림픽위원회(IOC)가 적극적으로 중재에 나서기도 했다. 
한일 갈등은 여전히 평행선을 달리지만, 일본 어린이들의 행동은 ‘올림픽 정신’을 일깨우기 충분했다. 국적과 나이, 문화적 차이를 떠나 경기장에서 최선을 다하는 선수들에게 응원의 메시지를 전달한 아이들은 전 세계인의 귀감이 됐다."
논란 불가피..올림픽 개막식서 '日제국주의 상징' 기미가요 울려퍼져,2021. 07. 23,스포츠한국 노진주 기자,스포츠한국,"[스포츠한국 노진주 기자] 2020 도쿄올림픽 개막식에서 일본 국가이자 제국주의의 상징인 기미가요가 울려 퍼졌다.
신종 코로나 바이러스 감염증(코로나19) 여파로 한 차례 연기되고 취소·회의론과 항상 맞닿아있던 2020 도쿄 하계올림픽은 23일 오후 8시 일본 도쿄 신주쿠 국립경기장에서 개막식을 시작했다.
17일간의 대장정에 돌입하는 이번 올림픽은 8월8일 종료된다.
당초 이번 대회는 지난해 7월 열릴 예정이었다. 그러나 온 세계를 공포에 빠트리는 코로나19 여파로 국제올림픽위원회(IOC)는 초유의 올림픽 연기를 결정했다.
그러나 1년 지난 시점에서도 바이러스가 여전히 창궐하고, 변이 바이러스까지 유입되면서 도쿄올림픽은 여러차례 취소론에 휩싸였다. 하지만 IOC의 입장은 강경했다. 대회 개최를 확정했다.
코로나19로 예년과 다르게 전체 일정의 96%가 무관중 경기로 진행될 예정이다. 시상식도 침묵 속에서 거행된다.
이날 개막식도 앞선 올림픽과 같은 축제 분위기는 아니다. 6만 8000여 명을 수용할 수 있는 규모의 스타디움에 언론인을 포함해서 950명만 개막식에 참석했다.
이날 개막식은 카운트다운 후 국기 게양과 국가 연주가 진행됐는데, 일본 국민 가수로 불리는 미샤가 기미가요를 불렀다. 
기미가요는 일왕을 찬양하는 내용을 담은 제국주의 시절 일본 국가로, 욱일승천기와 함께 일본 제국주의의 대표적인 상징으로 꼽힌다. 일본 공식 국가이지만 일왕 숭배 의미가 강하다는 이유에서 일본 내에서도 기미가요에 거부감을 느끼는 국민이 많은 것으로 전해지고 있다.
기미가요는 1945년 제2차 세계대전 패전 이후 폐지됐다. 하지만 1999년 일본 정부가 국기·국가에 관한 법률을 통해 슬그머니 국가로 공식화했다.
개막식에서 기미가요가 올려퍼질 것으로 알려져 개막식 전부터 논란이 일었다.
스포츠한국 노진주 기자 jinju217@sportshankook.co.kr"
"역대급 방송사고..MBC, '체르노빌 원전사고'로 우크라이나 소개했다",2021. 07. 23,스포츠한국 노진주 기자,스포츠한국,"[스포츠한국 노진주 기자] 2020도쿄올림픽 개막식을 중계방송한 MBC가 적절치 못한 자료화면 사진을 사용했다. 
2020 도쿄 하계올림픽 개막식은 23일 오후 8시부터 일본 도쿄 신주쿠 국립경기장에서 열리고 있다. 
이를 중계방송한 MBC는 우크라이나 선수단을 소개할 때 자료화면에 체르노빌 원전사고 사진을 삽입했다.
1986년 4월 26일 우크라이나 키예프주에 있는 체르노빌 4호기가 폭발해 인류 역사상 최악의 원전 폭발 사고로 남아 있는 것이 바로 체르노빌 원전사고다. 국제원자력사고등급(INES) 최고 등급인 7단계에 해당하는 최악의 방사능 누출 사고로 평가된다.
코로나19로 인해 의미가 전보다 크지 않지만 세계적인 스포츠 축제의 시작을 알리는 올림픽 개막식에서 사고의 아픔을 상징하는 사진을 삽입한 MBC다. 논란은 커질 것으로 보인다.
한편 개막식 논란은 이뿐만 아니다. 이날 행사는 카운트다운 후 국기 게양과 국가 연주가 진행됐는데, 일본 국민 가수로 불리는 미샤가 기미가요를 불렀다.
기미가요는 일왕을 찬양하는 내용을 담은 제국주의 시절 일본 국가로, 욱일승천기와 함께 일본 제국주의의 대표적인 상징으로 꼽힌다. 일본 공식 국가이지만 일왕 숭배 의미가 강하다는 이유에서 일본 내에서도 기미가요에 거부감을 느끼는 국민이 많은 것으로 전해지고 있다.
기미가요는 1945년 제2차 세계대전 패전 이후 폐지됐다. 하지만 1999년 일본 정부가 국기·국가에 관한 법률을 통해 슬그머니 국가로 공식화했다.
개막식에서 기미가요가 올려퍼질 것으로 알려져 개막식 전부터 논란이 일었다.
스포츠한국 노진주 기자 jinju217@sportshankook.co.kr"
[올림픽] 양궁 3관왕 도전 기회 잡은 안산..랭킹라운드 신기록으로 1위(종합),2021. 07. 23,나연준 기자,뉴스1,"(도쿄=뉴스1) 나연준 기자 = 한국 양궁 여자 대표팀의 안산(광주여대)이 올림픽 기록을 세우며 랭킹라운드를 1위로 통과했다. 안산은 혼성전 출전권까지 거머쥐면서 한국 양궁사 최초로 3관왕에 도전할 기회도 잡았다.
안산은 23일 오전 도쿄 유메노시마 양궁장에서 열린 2020 도쿄 올림픽 양궁 여자 랭킹라운드에서 680점을 기록, 전체 1위에 올랐다. 
안산은 지난 1996 애틀랜타 올림픽 랭킹라운드에서 우크라이나의 리나 헤라시멘코(673점)가 세운 기록을 25년 만에 깨트리며 올림픽 기록을 새로 썼다.
랭킹라운드 1위에 오른 안산은 혼성전에 출전할 수 있게 됐다. 개인전, 단체전과 함께 혼성전 정상을 차지한다면 양궁사 최초로 3관왕에 등극할 수 있다. 일단 자격을 갖췄다. 
여자 양궁 대표팀의 막내지만 실력은 세계 최정상급이다. 지난 2019년 도쿄 올림픽 테스트 이벤트 개인전 금메달을 획득하는 등 유메노시마 양궁장과의 좋은 호흡을 이어갔다.
2019년 유스세계선수권에서 2관왕에 오르며 잠재력을 드러낸 장민희(인천대)는 677점으로 2위에 올랐다. 강채영(현대모비스)는 초반에 고전했지만 후반에 만회하며 3위(675점)에 자리했다.
랭킹라운드는 전·후반 각각 6엔드(1엔드 당 6발), 총 72발을 쏘는 방식으로 진행된다.
안산은 초반부터 뜨거웠다. 첫 2발을 모두 X10에 적중시키는 등 1엔드와 2엔드에서 10점 8개를 성공시켰다. 안산은 총 116점으로 단독 선두로 나섰다.
안산은 4엔드 56점으로 주춤하기도 했지만 5엔드 57점과 6엔드 58점을 마크, 전반전 경기를 전체 1등(345점)으로 마쳤다. 2위 장민희(339점)와는 6점 차다.
안산은 후반 들어 전반보다 페이스가 떨어졌다. 그러나 후반 4엔드(55점)를 제외하고 모든 엔드에서 56점을 쏘며 선두 자리를 지켰다.
yjra@news1.kr"
모델인 줄 아셨죠? 세계 유도 넘버2 입니다,2021. 07. 24,김동현 기자,조선일보,"키 172cm에 몸무게 48kg, 긴 금발 머리와 수려한 몸매. 인스타그램 팔로어 33만여 명에 올리는 게시글마다 2만 개 이상의 ‘좋아요’가 달린다. 인기 만점, 화제의 주인공은 수퍼모델이 아닌 우크라이나 유도 국가대표 다리아 빌로디드(21)다. 빌로디드는 외모로만 보면 운동선수보단 ‘셀러브리티(유명인)’에 더 가까워보인다. 하지만 예쁘다고, 가냘프다고, 우습게 보면 큰코다친다. 그는 여자 유도 48kg급 세계 최정상급 스타다.
일본에선 이미 올림픽 시작 전부터 빌로디드가 대회 최고 스타로 대접받는다. 일본은 일찍이 그의 스타성을 인정하고 2019년 주(駐)우크라이나 일본 대사관 관광 친선대사로 위촉했고, 자동차 회사 미쓰비시도 앰버서더(대사)로 위촉했다.
빌로디드는 여섯 살 때까지 리듬체조를 배우다가 유럽유도선수권대회 금메달리스트인 아버지 게나디 빌로디드(44)의 영향으로 유도로 전향했다고 한다. 2017년과 2019년 유럽선수권, 2018년과 2019년 세계선수권 우승자인 빌로디드는 지난 4월 유럽선수권에선 코소보 출신 디스트리아 크라스니키(26)에게 밀려 준우승에 그쳤고, 세계 1위 자리도 내줬다. 올림픽 첫 무대인 도쿄에서 라이벌을 제치고 세계 최고 복귀를 꿈꾸는 빌로디드는 2019년부터 “메달은 내 꿈, 메달을 위해서라면 뭐든지 할 것”이라 언급하는 등 올림픽에 대한 기대를 밝혀 왔다. 작년 올림픽 연기 결정 이후엔 SNS에 ‘다들 스테이 홈 챌린지를 지켜줬으면 한다'며 담담히 올림픽을 기다리는 모습을 보였다.
‘셀러브리티'의 순도 면에서는 독일 육상 국가대표 선수 알리사 슈미트(23)도 빌로디드 못지않다. 슈미트는 작년 8월 영국 매체 ‘더선’이 ‘세계에서 가장 섹시한 운동선수’란 주제로 진행한 투표에서 1위를 거머쥐었다. SNS 파급력만 고려하면 빌로디드 이상이다. 슈미트의 인스타그램 팔로어는 180만명이 넘는다. 유튜브 채널도 운영하는데, 지난 15일 도쿄올림픽을 위해 훈련하는 모습을 담아 올린 11분짜리 브이로그(V-log, 일상을 담은 셀프 카메라) 영상은 벌써 8만3000회 이상 조회 수를 기록했다. 슈미트는 스포츠 브랜드 푸마와 공식 후원 계약을 맺어 이미 모델로도 활동 중이다.
175cm 큰 키에 길쭉한 다리를 가진 슈미트는 400m 계주가 주 종목이다. 2017년 20세 이하 유럽육상선수권대회엔 1600m 계주 대표로 출전해 은메달, 2019년 23세 이하 같은 대회에서 동메달을 차지했다. 도쿄올림픽엔 1600m 혼성 계주 대표로 출전한다. 올림픽 역사상 처음으로 채택된 종목이다. 슈미트는 지난 4일 SNS에 ‘도쿄가 나를 부른다’는 게시글을 올렸다. ‘운동을 시작할 때부터 꿈꾸던 일, 기다릴 수 없다’며 올림픽 출전에 대한 설렘을 나타냈다.
우리나라에선 칼 솜씨만큼 빼어난 외모로 인기를 끈 펜싱 국가대표 김지연(33)이 대표적이다. 김지연은 대한민국 여자 펜싱 역사상 처음으로 올림픽 금메달을 따냈다. 2012 런던올림픽에서 당시 세계 랭킹 1위였던 미국 국가대표 마리엘 자구니스를 상대로 역전승을 거뒀다. 1엔드까지 6점차로 뒤지다 2엔드에서 15대13으로 뒤집은 대 역전승이었다. 결승전에 오른 김지연은 러시아 국가대표 소피아 벨리카야를 15대9로 이기며 금메달을 목에 걸었다. 벨리카야는 현재 세계 랭킹 2위다. 도쿄올림픽에 나서는 김지연은 오는 26일 여자 사브르 개인 종목에 출전해 경기를 치른다.
ROC(러시아 올림픽 위원회) 높이뛰기 대표 마리아 라시츠케네(28), 시리아 출신 수영선수 유스라 마르디니(23) 등도 개막에 앞서 외모로 인기를 끌었다. 키 180cm인 라시츠케네는 2015년과 2017년, 2019년 세계육상선수권에서 금메달을 거머쥔 바 있다. 난민선수단 소속인 마르디니는 2015년 내전 중인 시리아에서 작은 고무보트를 끌고 3시간 넘게 바다를 헤엄쳐 20명의 난민을 구한 것으로 유명하다. 마르디니는 도쿄올림픽 출전에 대해 “이 작은 팀이 난민뿐 아니라 전 세계 청년들에게 희망을 준다”며 “이것이 어린 시절부터 노력해온 이유”라고 말했다.
남자 선수 중엔 영국의 다이빙 국가대표 선수 톰 데일리(27)가 주목받는다. 14세란 어린 나이에 2008 베이징올림픽 최연소 선수로 출전한 데일리는 이번이 4번째 올림픽인 베테랑 선수다. 데일리는 도쿄올림픽 출전에 대해 “이젠 다이빙 팀 ‘할아버지’가 되어버린 느낌”이라고 말했다. 그는 선수인 동시에 책을 3권 펴낸 작가이기도 하다. 2008 베이징올림픽 참여 당시의 압박감과 경험을 담은 회고록을 2012년에 써냈다. 키 177cm 몸무게 70kg, 자신의 튼튼한 몸을 표지로 한 건강식 레시피 80가지 이상을 모은 요리책을 2016년 펴냈다. 오는 10월엔 자신의 성장기를 담은 자서전을 네 번째 작품으로 출시한다. 그의 유튜브 채널 구독자는 87만5000명가량으로, 운동뿐 아니라 가정 속 일상생활 등 다양한 영상을 올린다. 세 차례 올림픽에 출전해 동 2개를 목에 건 그는 다이빙 10m 플랫폼과 싱크로나이즈드 10m 플랫폼에서 개인 통산 첫 금메달 사냥에 나설 예정이다."
"""장례식 같은"" 개회식 최악 유니폼은 이탈리아 [도쿄 라이브]",2021. 07. 24,도쿄|이용균 기자,스포츠경향,"[스포츠경향] 
2020 도쿄올림픽 개회식에 대한 외신들의 혹평이 이어지고 있다. “드론쇼 빼고는 지루했다”는 평가가 대부분이다. “장례식 같았다”는 평가도 나오고 있다.23일 오후 8시 일본 도쿄 신국립경기장에서 2020 도쿄올림픽 개회식이 열렸다. 대회 관계자와 취재진만 입장한 가운데 무관중 개회식이 이뤄졌다. 가뜩이나 절제된 분위기의 공연이 이어지면서 박수 소리도 없자 개회식 분위기가 가라앉았다. 폭스 스포츠가 24일 주요 인사들의 반응을 정리한 내용에 따르면 영국 정치매체 폴리틱스의 편집장인 이언 던은 “장례식장에 참석하는 것과 같았다”며 “자국 정서를 고려해 절제한 건 알겠는데, 전 세계인들을 고려해 조금은 즐겁게 할 필요가 있지 않았을까?”라고 지적했다. 던은 “일본은 세계에서 가장 활기차고, 엉뚱하며, 흥미진진한 나라 중 하나인데, 이 개회식이 그들이 만든 결과물이라는 점에 충격을 받았다”고 썼다.야후 스포츠도 개회식을 평가하면서 “드론 쇼와 성화대 동작이 이날 개회식의 최고 하일라이트”라고 전했다. 신국립경기장 위에 1824대의 드론이 모여서 만든 지구 모양은 비교적 조용했던 이번 개회식에서 가장 멋진 장면이었다.
개회식 중 가장 호오가 엇갈린 공연은 무용수들이 하계 올림픽 각 종목 픽토그램을 묘사한 것이었다. 귀엽다는 반응도 있었지만 대부분 “이상하다, 괴이하다”는 반응이었다.각국 대표팀 입장에서 ‘최악’ 평가를 받은 나라는 이탈리아였다. 패션의 나라로 알려져 있지만 개회식에 참가한 이탈리아 선수단의 단복은 옛날 전자오락 ‘패크맨’을 떠올리게 했다. 우크라이나 선수단은 “90년대 스케이트 보더 스타일의 복장”이라는 평가를 받았다. 스위스 선수단의 칙칙한 갈색 단복도 최악 유니폼 중 하나로 꼽혔다. 개회식은 식장 내부의 조용함과 외부의 반대 목소리가 대조되면서 더욱 이상한 개회식이 됐다. 신국립경기장 바깥에서는 대회 개최 반대 시위가 이어졌다.도쿄|이용균 기자 noda@kyunghyang.com"
"""한국인은 밥심"" 한국산 도시락 '최고' 인증한 선수들",2021. 07. 24,이주연,국민일보,"도쿄올림픽에 출전한 우리 선수들이 한국산 식자재로 만든 도시락에 대한 ‘밥심’을 잇달아 인증하고 있다. 대한체육회가 별도 준비해 제공하는 음식에 대한 고마운 마음의 표현이다.
2020도쿄올림픽에 출전한 ‘사격 황제’이자 한국 사격대표팀의 맏형 진종오(42·서울시청) 선수는 22일 자신의 인스타그램에 다양한 반찬과 간식이 담긴 도시락 사진을 올리며 “밥은 잘 먹고 다닙니다”라고 썼다. 이어 ‘대한체육회, 급식지원, 최고’라는 태그도 붙였다. 한식 도시락에 대한 짧지만 굵은 감사 인증이다.
공개된 사진 속 도시락에는 쌀밥을 포함해 고기와 생 당근, 김치, 브로콜리, 메추리알 등의 반찬이 가득 채워져 있다. 별도로 국과 음료도 보인다.
한국 역도의 부흥이라는 사명감을 어깨에 지고 나선 역도 국가대표 진윤성(26·고양시청) 선수도 도시락 인증에 나섰다.
진윤성 선수는 23일 인스타그램에 “역시 한국음식 최고예요”라며 사진과 함께 ‘대한체육회, 급식지원, 감사합니다’는 태그를 달아 올렸다.
그가 공개한 사진에도 고기, 멸치, 튀김 등 정갈하게 담긴 한국식 도시락의 모습이 확인된다.
여자배구 국가대표 배구 여제 김연경(33·상하이)은 도쿄올림픽 한국 선수단을 위해 급파된 급식 영양사에게 직접 감사의 메시지를 보내 화제가 되기도 했다.
지난 22일 유튜브 채널 ‘온마이크’는 선수촌 인근 호텔에 열린 대한민국 선수단을 위한 급식센터 현장을 찾았다. 영상에 출연한 한정숙 영양사는 “우리 선수들이 ‘너무 맛있게 먹어서 힘이 돼요. 힘낼게요’라는 메시지를 보낼 때 굉장히 기쁘다”라면서 김연경과 실제 주고받은 메시지를 공개했다.
김연경은 메시지에서 “저희 이제 연습 끝났어요. 도시락 아주 맛있게 먹고 있습니다. 먹고 힘낼게요”라며 감사를 전했다. 
대한체육회는 도쿄올림픽 선수촌에서 후쿠시마산 식재료를 사용한 식사를 제공하는 것과 관련해 우려가 커지자 선수촌 인근 호텔을 통째로 빌려 한국 선수단을 위한 급식소를 따로 운영 중이다. 이를 위해 24명의 조리사와 영양사를 현지에 파견했고, 한국산 식자재도 공수했다.
‘후쿠시마산 식자재를 의심할 필요가 없다’고 강조해 온 일본 정부는 한국 선수단의 별도 식사에 대해 강가헤 반발한 바 있다. 하지만 23일 일본 요미우리신문에 따르면 후쿠시마 원전 인근에서 생산된 꿀에서 방사능 세슘이 기준치를 초과해 검출된 것으로 드러났다.
이주연 인턴기자"
"진종오, 졌지만 빛난 마스크 방역 '레전드의 품격' [도쿄올림픽]",2021. 07. 24,CBS노컷뉴스 박세운 기자,노컷뉴스,"국가대표 선발전에서 1위를 차지한 김모세(23·국군체육부대)는 도쿄올림픽 사격 남자 10m 공기권총 결선에 진출했지만 '올림픽 레전드' 진종오(42·서울시청)는 결선행 조준에 실패했다.
24일 일본 도쿄 아사카 사격장에서 열린 2020 도쿄올림픽 사격 남자 10m 공기권총 본선에서 김모세는 총점 579점으로 6위를 차지해 상위 8명에게 주어지는 결선행 티켓을 땄다.
하지만 진종오는 총점 576점으로 15위에 머물러 결선 무대에 오르지 못했다.
남자 10m 공기권총은 진종오가 2008년 베이징 대회에서 은메달을, 2012년 런던 대회에서 금메달을 차지했던 종목이다.
비록 본선을 통과하지 못했던 진종오는 김모세와 더불어 '올림픽 레전드'의 품격을 보여줬다.
불편함을 감수하고 마스크를 착용한 채 경기에 임한 것이다.
대회 조직위원회는 본선에서 마스크 착용을 의무화하지 않았다. 오히려 결선에서는 마스크를 쓰지 못하도록 규정을 정했다. 방송 중계를 위한 결정으로 해석된다.
그럼에도 진종오와 김모세는 마스크를 착용하고 본선 사대에 섰다.
그들은 평소에도 선수촌에서 마스크를 쓰고 생활했다. 무더운 날씨와 호흡 방해 등으로 인한 불편함이 있지만 개인 방역을 철저히 해 다른 이에게 피해를 주지 않겠다는 의지가 확고했기 때문이다.
그들에게 마스크 착용은 펜데믹 상황에서 치러지는 올림픽에서 스포츠 그 이상의 가치를 상징한다.
진종오는 올림픽을 앞두고 진행된 온라인 미디어데이에서 코로나19로 인해 달라진 경기 환경에 대해 ""평소보다 불편한 점은 있지만 방역은 꼼꼼하게 해야 한다. 불평하지 말고 빨리 받아들이는 게 중요하다""고 의연하게 말한 바 있다.
대한사격연맹 관계자에 따르면 본선에 출전한 36명 가운데 마스크를 쓰고 나선 선수는 한국 선수 2명, 몽골 선수 1명 등 3명이 전부였다.
김모세는 24일 오후 3시30분부터 결선에 출전해 한국 선수단의 첫 메달 사냥에 도전한다.
진종오의 도전은 아직 끝나지 않았다. 진종오는 오는 27일 10m 공기권총 혼성 단체 경기에 출전한다. 혼성 경기는 이번 올림픽에서 처음 채택된 종목이다.
진종오는 2004년 아테네 대회부터 올림픽 무대를 밟아 총 6개의 메달(금 4개, 은 2개)을 수확했다. 이번 대회에서 메달을 추가하면 역대 한국 선수 중 가장 많은 7개의 올림픽 메달을 보유한 레전드로 우뚝 서게 된다.
CBS노컷뉴스 박세운 기자 shen@cbs.co.kr"
ML 역사상 이런 반전이? 김광현 36년만에 새기록 썼다,2021. 07. 24,이규원,MHN스포츠,"[MHN스포츠 이규원 기자] ""지금을 만끽하고 싶다. 승리가 없었던 그 두 달이 힘들었다. 그래서 5연승을 달리고 있는 지금을 만끽하고 싶다. 생일에 5연승을 달성해 더 기쁘다. 두 달 동안 승리가 없어서 두 달 동안 패전이 없어야 절반하는 것이다. 그러기 위해 노력할 것이다""(김광현)
""(김광현의) 연속 무실점 기록은 24이닝에서 끝났지만 세인트루이스 구단 역사에서 1985년 이후 36년 동안 좌완 선발 중 가장 길었던 기록이다""(메이저리그 공식 홈페이지 MLB닷컴)
7월 4전승을 포함해 개인 5연승을 질주한 김광현(33·세인트루이스 카니덜스)의 극적인 반전은 드라마틱했다.
서른세 살 생일을 맞은 김광현은 연속이닝 무실점 기록은 아쉽게 중단됐지만, 파죽의 5연승을 달렸다.
김광현은 23일(이하 한국시간) 미국 미주리주 세인트루이스 부시스타디움에서 열린 2021 미국프로야구 메이저리그 시카고 컵스와 홈경기에서 6이닝을 2안타 2실점으로 막았다.
세인트루이스는 김광현의 선발 호투에 힘입어 지구 라이벌 컵스와의 이번 4연전을 3승 1패로 마쳤다.
투구 수 84개를 기록한 김광현은 삼진 7개를 뽑으며 볼넷 1개만 허용했고 평균자책점은 2.87에서 2.88로 조금 올라갔다.
최근 4경기 연속 퀄리티스타트(QS·6이닝 이상 3자책점 이하)를 달성한 김광현은 3-2로 앞선 상황에서 6회를 마치고 교체됐지만, 불펜투수들이 추가 이닝을 무실점으로 막아 세인트루이스가 3-2로 승리했다.
이로써 최근 5연패 뒤에 5연승을 거둔 김광현은 시즌 6승(5패)째를 수확했다.
특히 김광현은 7월 들어 4경기에서 모두 승리하며 25이닝 동안 2실점으로 평균자책점 0.72를 기록, 강력한 내셔널리그 '7월의 투수' 후보 자리를 지켰다.
만약 김광현이 이달의 투수로 선정된다면 한국인 투수로는 세 번째다.
1998년 7월 박찬호가 한국 선수 최초로 이달의 투수로 뽑혔고, 2019년 5월에는 류현진(당시 로스앤젤레스 다저스)이 뒤를 따랐다.
류현진은 2019년 5월 6경기에서 5승 평균자책점 0.59를 기록하며 이달의 투수에 선정됐다. 김광현의 기록도 부족함이 없다.
4월 24일 신시내티 레즈전에서 첫 승 수확 이후 두 달간 5패만 쌓았던 김광현은 드라마틱한 반전에 성공했다.
지난 1일 애리조나 다이아몬드백스전에서 시즌 2승을 챙긴 것을 시작으로 5연승을 내달렸다.
7월 들어서는 연일 괴력투를 펼치고 있다.
다만, 박찬호(은퇴)의 33이닝, 류현진(토론토 블루제이스)의 32이닝 기록이 눈앞으로 다가왔던 만큼 김광현도 사뭇 아쉬운 속내를 드러냈다.
그는 ""꼭 기사가 나오면 점수를 주더라""며 웃은 뒤 ""그래서 기사로 안 나오길 바랐다""고 말했다.
김광현은 4회초 2사 1, 2루에서 제이크 매리스닉에게 내준 2타점 2루타를 특히 아쉬워했다.
그는 ""오늘은 실점했던 그 공 하나가 아쉽다""며 ""투구 전 (포수 야디에르) 몰리나와 변화구로 카운트를 잡고 직구로 승부를 겨루자고 했다. 공이 살짝 몰리긴 했지만, 타자가 잘 쳤다. 야구는 시행착오의 연속이다. 다음에는 그런 시행착오가 나오지 않도록 준비하겠다""라고 말했다.
김광현은 만으로 서른셋이다. 빅리그에서 2년 차를 맞는 김광현은 자신의 야구 인생에서 어디쯤 와 있을까.
김광현은 ""2017년 팔꿈치 수술을 받으며 그해를 통째로 쉬었는데, 그때 반환점을 돌았다고 생각했다""며 ""야구는 끝이 없는 것 같다. 한국에서도 그랬고, 여기(메이저리그) 와서도 많은 것을 배웠다. 앞으로도 선진 야구를 배우는 자세로 임하며 좀 더 성장할 수 있도록 노력하겠다""고 전했다.
미국에서 잠시 함께했던 김광현의 가족들은 이날 경기 전 한국행 비행기에 올랐다.
가족들을 직접 공항까지 배웅했던 김광현은 ""가족들은 선발 등판하는 경기니까 공항에 나오지 말고 자라고 했지만, 아이들이 눈에 밟혀서 나갔다""고 말했다.
그는 ""가족들이 눈에서 보이지 않을 때까지 인사했는데, 그래서 기분 좋게 오늘 경기 던질 수 있었던 것 같다""고 전했다."
"[올림픽] 충격 진종오, 메달 기대한 10m 공기권총서 결선진출 좌절",2021. 07. 24,이재상 기자,뉴스1,"(도쿄=뉴스1) 이재상 기자 = 5번째 올림픽 금메달을 노렸던 '사격 황제' 진종오(42·서울시청)가 10m 공기권총 결선 진출에 실패했다. 대신 함께 출전한 김모세(23·국군체육부대)는 결선에 오르며 메달 획득의 가능성을 높였다.
진종오는 24일 도쿄 아사카 사격장에서 열린 2020 도쿄 올림픽 10m 공기권총 본선에서 576점으로 15위에 그쳐 8명이 겨루는 결선 진출이 좌절됐다.
역대 올림픽에서 6개의 메달(금 4, 은 2)을 수확했던 베테랑 진종오였지만 기대와 달리 결선 무대도 오르지 못하며 아쉬움을 남겼다.
10m 공기권총은 진종오가 2개의 메달(2008년 은, 2012년 금)을 땄던 주종목이지만 이번 도쿄 올림픽에서는 메달 경쟁을 펼칠 기회조차 얻지 못했다.
10m 공기권총 본선은 한 시리즈마다 10발씩, 6시리즈까지 총 60발의 점수를 합산해 상위 8명이 결선에 오른다.
이날 신종 코로나바이러스 감염증(코로나19) 방역을 위해 마스크를 쓰고 출전한 진종오는 초반 10발을 쏘는 첫 시리즈에서 95점에 그치며 하위권으로 밀렸다.
3시리즈에서 98점을 쏘며 한 때 10위까지 순위를 끌어 올렸다. 하지만 4시리즈에서 93점으로 부진, 20위권 밖으로 내려앉았다.
뒷심을 발휘한 진종오는 5시리즈에서 97점을 기록했고, 6시리즈에서도 8연속 10점을 쏘며 기대를 높였다. 그러나 9번째 사격에서 8점을 기록하며 흐름이 끊겼고, 마지막 사격에서는 9점으로 경기를 마쳤다.
함께 출전한 김모세는 579점을 기록하며 6위에 오르며 결선 진출에 성공했다. 
김모세는 2시리즈와 3시리즈에서 나란히 95점에 그치며 주춤했으나 이후 매 시리즈마다 97점 이상을 쏘며 극적인 드라마를 완성했다.
rok1954@news1.kr"
[도쿄올림픽] '막내가 해냈다' 김제덕-안산 혼성전 우승..한국 첫 금메달,2021. 07. 24,맹봉주 기자,스포티비뉴스,"[스포티비뉴스=유메노시마 양궁장, 맹봉주 기자] 두 막내가 해냈다. 한국의 대회 첫 금메달이 전통의 효자 종목 양궁에서 나왔다. 
한국 양궁 10년 미래를 책임질 '겁 없는 막내' 김제덕(17, 경북일고)과 안산(20, 광주여대)이 우리나라 첫 금메달을 수확했다. 
한국 혼성조로 사대에 오른 김제덕-안산 조는 도쿄 올림픽에서 첫선을 보인 양궁 혼성전에서 네덜란드를 꺾고 시상대 맨 위에 올랐다. 
한국은 24일 일본 도쿄 유메노시마 공원 양궁장에서 열린 2020 도쿄올림픽 양궁 혼성전 결승전에서 네덜란드를 세트스코어 5-3(35-38, 37-36, 36-33, 39-39)으로 꺾고 금메달을 목에 걸었다. 
그간 양궁은 최대 2관왕까지만 가능했다. 개인전·단체전 금메달이 궁사가 쥘 수 있는 최대 성과였다. 하지만 도쿄 대회서부터 혼성전이 추가돼 3개까지 금메달을 품에 안을 수 있게 됐다. 
한국은 '막내 신궁' 2인의 활약으로 사상 첫 올림픽 양궁 3관왕 가능성을 키웠다. 국내 양궁 미래를 확인하면서 새 역사를 쓸 발판을 마련하는 데도 성공했다. 
1세트 선공에 나선 한국은 김제덕이 9점을 꽂으며 산뜻한 출발을 알렸다. 하지만 이후 안산이 8점을 꽂았고 네덜란드가 연속 10점으로 기세를 올렸다. 두 번째 시도에선 한국과 네덜란드 모두 18점을 합작해 1세트를 35-38로 내줬다. 
2세트 역시 한국이 선공을 맡았다. 김제덕이 첫 발로 9점을 쏘며 분위기를 추스렸다. 이어 오른 안산도 9점을 신고해 좋은 흐름을 이어 갔다. 그러나 결승 상대 네덜란드는 만만찮았다. 첫 번째 시도에서 10점, 9점을 기록해 기싸움에서 밀리지 않았다. 
두 번째 시도에서 한국은 19점을 합작했다. 네덜란드는 9점, 8점을 쐈다. 한국이 극적으로 2세트를 37-35로 승리, 세트스코어 2-2 타이를 이뤘다. 
3세트도 접전이었다. 이번에도 한국의 선제공격. 김제덕이 10점으로 포효했지만 2번 주자 안산이 8점으로 다소 흔들렸다. 
그러나 첫 번째 시도에서 네덜란드가 9점, 8점을 수확했다. 승기를 잡은 한국은 김제덕, 안산이 나란히 9점을 맞춰 3세트를 36점으로 마쳤다. 네덜란드는 막판 실책을 범해 두 번째 시도에서 6점, 10점을 챙기는 데 그쳤다. 세트스코어 4-2로 역전했다. 
메달 색깔이 걸린 마지막 세트. 선공으로 나선 네덜란드는 9점 10점을 기록했다. 마지막까지 높은 집중력을 발휘했다. 하지만 김제덕 안산도 연속 10점으로 맞불을 놨다. 경기 승패가 끝까지 알 수 없는 방향으로 흘렀다. 두 번째 시도에서 네덜란드는 연속 10점으로 기세를 올렸다. 그럼에도 두 막내 신궁은 흔들리지 않았다. 김제덕이 10점, 안산이 9점을 뽑아 금메달을 확정했다. 
그동안 양궁은 올림픽에서 금메달 4개가 배정돼 있었다. 남녀 개인전 단체전으로 시상대 상단을 다퉜다. 
이번 대회부터 남녀 선수 1명씩 짝을 이뤄 최고 사수를 겨루는 혼성전이 신설됐다. 성평등 기치를 내건 도쿄 올림픽에서 추가된 종목으로 남녀 모두 세계 최정상으로 꼽히는 한국이 금메달 0순위 후보로 지목됐다. 
예상대로 한국은 혼성전 초대 챔피언에 올랐다. '속사'가 주무기인 두 막내 강심장을 앞세워 사상 첫 올림픽 양궁 3관왕 배출 가능성을 이어 갔다. 
대한양궁협회는 국가별로 한 팀씩만 나설 수 있는 혼성전에 특정 조합을 확정하지 않고 23일 랭킹라운드 점수를 통해 선발하기로 했다. 
김제덕과 안산은 전날 개인 예선 랭킹라운드에서 각각 688점, 680점을 쏘며 남녀 1위에 올랐다. 대표 팀 막내끼리 짝을 이뤄 많은 관심을 모았는데 본무대서도 압도적인 기량으로 기대를 충족시켰다. 
혼성전 16강전에서 방글라데시, 8강전에서 인도를 차례로 완파했고 우승으로 가는 길목인 4강전에선 멕시코를 꺾고 결승행 티켓을 거머쥐었다. 대망의 결승전에서도 복병 네덜란드를 누르고 우승을 차지, 한국의 대회 첫 금메달을 책임졌다."
[도쿄올림픽] 모델 아닙니다..유도 金 도전하는 미모의 '엘프',2021. 07. 24,이교덕 기자,스포티비뉴스,"[스포티비뉴스=이교덕 격투기 전문기자] 모델이 유도복을 입었다? 아니다. 유도 선수가 모델처럼 비현실적으로 예쁜 것이다. 
이 선수는 도쿄올림픽 유도 여자 48kg급 다리아 빌로디드(20, 우크라이나)다. 키 172cm의 바짝 마른 체형이라 체격만 보고 '참가하는 데 의의를 둔 선수구나' 생각하면 안 된다. 
놀랍게도 현 세계 랭킹 2위다. 외모에 실력까지 갖춘 그야말로 팔방미인이다. 이번 도쿄올림픽 금메달리스트 후보 중 한 명. 
빌로디드는 73kg급 유럽 최강자로 2005년 세계선수권대회에서 동메달을 따낸 바 있는 게나디 빌로디드의 딸이다. 자연스럽게 어렸을 때부터 도복을 입고 매트 위를 굴렀다. 
어머니 스비틀라나 쿠즈네초바 역시 유도 선수 출신인데, 지금은 딸의 코치다. 빌로디드가 리듬체조를 하다가 유도로 넘어온 건, 어찌 보면 필연이었다. 
긴 다리를 이용한 발기술이 좋아 일찍부터 두각을 나타냈다. 2015년 세계카데트선수권 정상에 서 전 세계에 자신의 존재를 알렸다. 
2018년 9월, 크게 사고를 쳤다. 성인들이 경쟁하는 세계선수권대회에서 디펜딩 챔피언 도나키 후나(25, 일본)를 한판으로 꺾고 금메달을 목에 걸었다. 당시 나이 만 17세. 최연소 세계선수권자 기록을 깼다. 
한 달 뒤 당연한 듯, 세계청소년선수권대회에서도 우승했다. 이듬해인 2019년 도나키 후나를 또 이기고 세계선수권 2연패에 성공했다. 
빌로디드는 24일 위대한 도전을 앞두고 있다. 세계선수권대회·유럽선수권대회·유러피안게임 금메달은 이미 집에 있다. 도쿄에서 시상대 가장 높은 곳에 서면 가문의 영광인 '그랜드슬램'을 달성한다. 
가장 강력한 라이벌은 세계 랭킹 1위 디스트리아 크라스니퀴(25, 코소보)다. 최근 경기였던 지난 4월 유럽선수권대회 결승전에서 빌로디드를 이겼다. 
랭킹 3위 도나키 후나는 홈그라운드에서 지난 패배를 설욕하겠다고 벼른다. 빌로디드와 도나키가 16강전과 8강전을 이기고 올라오면, 준결승전에서 외나무다리 승부를 펼치게 된다. 
이 체급에서 대한민국 강유정(24)이 조용히 반란을 준비한다. 첫 경기 32강전에서 마루사 스탄가를 상대한다."
'아마추어' 박찬호에게 체면 구긴 8명의 프로골퍼,2021. 07. 24,김현지,뉴스엔,"[뉴스엔 글 김현지 기자/사진 표명중 기자]
한국프로골프(KPGA) 코리안투어에 초청 선수로 출전한 아마추어 박찬호. 네번째 출전 대회에서 프로골퍼 못지 않은 실력을 뽐내고 돌아갔다.
박찬호는 7월 23일 충남 태안 솔라고CC 솔코스(파72, 7264야드)에서 치러진 'YAMAHA-HONORS K 오픈 with 솔라고CC' 2라운드에서 버디 3개와 보기 7개를 묶어 4오버파를 쳤다. 
변형 스테이블포드 방식(더블 보기 이하 스코어를 기록하면 -3점, 보기는 -1점, 파는 0점이다. 버디는 2점, 이글 이상 스코어는 5점)을 채택한 이번 대회 방식으로 2라운드 점수를 환산하면 -1점이다.
박찬호는 1라운드 경기와 상반된 경기력으로 모두를 놀라게 했다. 1라운드에서는 샷 난조는 물론 퍼트까지 말을 듣지 않았다. 1라운드에서 샷 난조로 인해 받은 벌타만 해도 6타다. 버디 없이 보기 9개와 더블 보기 2개를 묶어 13오버파를 쳤고, 점수로는 -15점을 기록했다.
반면, ""-7점이 목표""라며 나섰던 2라운드에서는 안정적인 샷감으로 경기를 풀어나갔다. 비록 페어웨이는 3차례 밖에 지키지 못했지만, 페어웨이를 크게 벗어나지 않았다. 즉, 그린을 공략하는 데 큰 어려움이 없었다. 
18번 홀(파5)에서는 무려 325.8야드의 장타를 앞세워 버디를 낚았다. 13번 홀에서는 335야드로 왠만한 프로들도 감히 흉내낼 수 없는 티샷을 구사했다. 2라운드에서만 300야드가 넘는 티샷을 무려 5차례 선보였다.
뿐만 아니라 이 대회 방식인 변형 스테이블포드 방식으로 2라운드 성적만 놓고 봤을 때, 박찬호보다 낮은 점수를 기록한 프로골퍼는 박찬호를 제외한 출전 선수 151명 중 8명이다. 박찬호와 동타를 기록한 선수도 3명이나 된다. 
프로골퍼 입장에서는 아마추어 골퍼에게 체면을 구긴셈이다. 다만, 그 아마추어가 메이저리그 통산 124승의 '코리안특급' 박찬호라는 것이 유일한 위안거리인 셈이다.
박찬호는 이번 대회가 코리안투어 4번째 출전이다. 지난 2018년 '휴온스 셀러브리티 프로암'에서 김영웅과 한 조로 팀전 우승을 차지했다. 2019년에는 '제2회 휴온스 엘라비에 셀러브리티 프로암'에서는 김영웅과 한 조로 공동 33위를 기록했다.
올 시즌에는 4월 'KPGA 군산CC 오픈'에 출전한 바 있다. 당시 개인전으로는 첫 출전이었는데, 29오버파로 컷탈락했다. 이후 이번 대회가 올 시즌 두번째이자 생애 4번째 코리안투어다. 이번 대회 성적만으로 따지자면 17오버파다. 지난 대회보다 무려 12오버파나 줄었다.
박찬호는 ""KPGA 코리안투어라는 무대를 2번이나 뛰어 봤다. 투어의 시스템도 알았고 선수들의 실력도 알았다. 엄청난 영광이다""라고 하며 ""이제 또 다른 시작을 준비할 것이다. 꿈과 목표를 향해 밟아야 할 계단이 선명해졌다. 이렇게 큰 깨달음을 주고 도전 의식을 일깨워준 KPGA에게 고맙다""라며 아직 도전이 끝나지 않았음을 암시했다.(사진=박찬호)
뉴스엔 김현지 928889@ / 표명중 acepyo@
기사제보 및 보도자료 newsen@newsen.com copyrightⓒ 뉴스엔. 무단전재 & 재배포 금지"
"[지바 현장]충격 태권도 장 준 마저 무너졌다 결승 진출 좌절 첫날 노골드, 튀니지 루키에게 당했다",2021. 07. 24,노주환,스포츠조선,"[지바(일본)=스포츠조선 노주환 기자]태권도 '원더보이' 장 준(21·한국체대)이 올림픽 금메달 획득에 실패했다. 결승 진출에 실패했다. 아프리카 복병에 무너졌다. 
이번 대회 우승 후보 1순위 장 준은 24일 일본 지바 마쿠하리 메세홀에서 벌어진 도쿄올림픽 태권도 남자 58㎏급 준결승전서 튀니지 신예 젠두비(19)에 19대25로 졌다. 이변이었다. 장 준은 동메달결정전을 치르게 된다. 아직 상대는 미정이다. 동메달은 2명에게 돌아간다. 
1라운드, 장 준이 시작과 동시에 헤드킥으로 3-0으로 앞섰다. 그러나 곧바로 머리를 맞았다. 3-3. 장 준은 자신의 주무기 뒤 후려차기로 5-3으로 도망갔다. 그리고 다시 몸통을 맞아 5-5로 1라운드를 마쳤다. 
2라운드, 장 준은 접근전을 펼쳤다. 팽팽한 접전, 오히려 몸을 가격 당하며 8-9로 1점 뒤진 채 3라운드를 시작했다. 3라운드는 난타전이었다. 계속 끌려간 장 준은 수비가 안 되며 끝내 뒤집지 못했다. 한국은 태권도 첫 날 두 체급에서 금 획득에 실패했다. 종주국의 자존심이 구겨졌다. 여자 49㎏급 심재영은 8강전서 일본 야마다에게 일찌감치 무너졌다. 
장 준은 8강서 스페인 비센테 윤타, 16강서 바르보사(필리핀)을 연속으로 눌렀다. 젠두비는 8강서 뎀세(에티오피아)를 꺾고 준결승에 올랐다. 젠두비는 올림픽랭킹 23위다. 젠두비는 2019년 아프리카게임 54㎏급 챔피언이다. 아직 세계 무대에선 이렇다할 성적을 내지 못했다. 다크호스였다. 
이번이 올림픽 첫 출전인 장 준은 현재 58㎏급 올림픽랭킹 세계 1위다. 자타공인 세계 최강자다. 2년 사이에 태권도계의 원더보이가 됐다. 딱 2년 만에 1위로 수직 상승했다. 2019년 그는 대부분의 국제대회를 쓸어버렸다. 그해 세계태권도연맹 선정 '올해의 남자 선수상'까지 받으며 강한 인상을 남겼다. 
올림픽 태권도는 16강전부터 진행한다. 2분씩 3라운드로 치른다. 체급별로 국가별로 단 한 명만 출전권을 갖는다. 그래서 태극마크를 다는 것부터 어렵다. 장 준은 도쿄올림픽에 출전하기 위해 2016년 리우대회 동메달리스트 선배 김태훈을 눌렀다. 
장 준은 얼굴만 보면 개구쟁이 옆집 동생 이미지를 갖고 있다. 충남 홍성에서 태어나 홍성고를 거쳐 한국체대를 다니고 있다. 7세 때 형 따라가 취미로 태권도를 시작했던 게 이렇게 인생이 돼버렸다. 지바(일본)=노주환 기자 nogoon@sportschosun.com"
"야구 대표팀 '날벼락'..""오지환 턱 꿰매야""",2021. 07. 24,김현세,엑스포츠뉴스,"(엑스포츠뉴스 고척, 김현세 기자) 2020 도쿄올림픽에 출전하는 한국 야구 대표팀의 유격수 오지환이 피부를 봉합해야 하는 부상을 당했다.
오지환은 24일 서울 고척스카이돔에서 열린 LG 트윈스와 평가전에서 2번 타자 유격수로 선발 출장해 6회 초 주자의 스파이크에 피부가 찢어지며 병원으로 이송됐다.
대표팀은 0-0으로 맞선 6회 초 무사 만루에서 채은성에게 1타점 우전 적시타를 맞은 뒤 우익수 박건우의 실책으로 주자들이 추가 진루하는 상황에 처했다.
그런데 이떄 타자 주자였던 채은성이 한 베이스 더 가는 플레이를 했고, 2루 베이스 앞에서 슬라이딩을 했는데 뒷발이 오지환의 턱 부위를 긁고 지나갔다.
대표팀 벤치에서는 피를 흘리는 오지환을 즉시 지혈 조치했고 피부를 봉합해야 한다는 판단에 병원으로 이송했다. 
KBO 관계자는 ""오지환 선수는 병원으로 이송돼 가는 중이다. 정확한 진단을 받아 봐야 하지만 피부가 4cm 가량 찢어진 듯하다. 턱쪽이 찢어졌는데 봉합이 필요하다고 판단했다""고 밝혔다.
사진=고척, 박지영 기자
김현세 기자 kkachi@xportsnews.com"
"""손흥민 토트넘 재계약 아쉬워요""..12만명 한목소리",2021. 07. 24,"박대현 기자, 임혜민 기자",스포티비뉴스,"[스포티비뉴스=박대현 기자/ 임혜민 영상 기자] 손흥민이 토트넘과 4년 재계약에 합의하며 '스퍼스 레전드'의 길을 걷게 됐습니다. 
토트넘은 23일(한국 시간) 홈페이지를 통해 손흥민과 재계약을 발표했는데요. 계약 기간은 2025년까지로 구체적인 조건을 밝히지 않았지만 현지 언론에 따르면 주급 3억 원가량의 팀 내 최고 수준으로 알려졌습니다. 
외신들도 일제히 손흥민 재계약 소식을 전했습니다. 스페인 최대 스포츠 신문 '마르카'는 ""손흥민이 토트넘에 자신의 미래를 걸었다""며 흥미로워했고 '스카이 스포츠' 역시 ""토트넘 팬들이 가장 좋아하는 선수가 잔류를 선택했다""며 비중 있게 조명했습니다. 
토트넘 소식을 전문으로 다루는 팬사이트 '카트리지프리캡틴'도 ""아침부터 좋은 소식을 전할 수 있게 돼 정말 기쁘다""며 반색했죠. 
전현직 동료와 구단 레전드까지 손흥민 재계약에 환호하는 분위깁니다. 조 하트와 벤 데이비스가 ""축하한다""는 댓글을 남겼고 '절친' 케빈 비머는 손흥민이 소감을 남긴 영상 게시물에 ""최고의 선수""란 댓글로 화답했습니다. 
이밖에도 지난해까지 한솥밥을 먹은 네덜란드 출신 골키퍼 미첼 봄과 토트넘 역대 최고의 공격수로 꼽히는 로비 킨도 각각 염소와 하트 이모티콘을 남기며 기뻐했습니다. 
다만 국내 팬들은 손흥민의 결정에 다소 아쉬운 맘을 숨기지 못합니다. 약 17만 명이 참여한 스포츠타임 커뮤니티 설문조사에서 74%(약 12만5000명)에 이르는 응답자가 '아쉽다'는 반응을 보였는데요. 
우승을 위해 더 좋은 팀으로 이적하지 못한 것에 대해 안타까움을 드러 냈습니다."
논란 불가피..올림픽 개막식서 '日제국주의 상징' 기미가요 울려퍼져,2021. 07. 23,스포츠한국 노진주 기자,스포츠한국,"[스포츠한국 노진주 기자] 2020 도쿄올림픽 개막식에서 일본 국가이자 제국주의의 상징인 기미가요가 울려 퍼졌다.
신종 코로나 바이러스 감염증(코로나19) 여파로 한 차례 연기되고 취소·회의론과 항상 맞닿아있던 2020 도쿄 하계올림픽은 23일 오후 8시 일본 도쿄 신주쿠 국립경기장에서 개막식을 시작했다.
17일간의 대장정에 돌입하는 이번 올림픽은 8월8일 종료된다.
당초 이번 대회는 지난해 7월 열릴 예정이었다. 그러나 온 세계를 공포에 빠트리는 코로나19 여파로 국제올림픽위원회(IOC)는 초유의 올림픽 연기를 결정했다.
그러나 1년 지난 시점에서도 바이러스가 여전히 창궐하고, 변이 바이러스까지 유입되면서 도쿄올림픽은 여러차례 취소론에 휩싸였다. 하지만 IOC의 입장은 강경했다. 대회 개최를 확정했다.
코로나19로 예년과 다르게 전체 일정의 96%가 무관중 경기로 진행될 예정이다. 시상식도 침묵 속에서 거행된다.
이날 개막식도 앞선 올림픽과 같은 축제 분위기는 아니다. 6만 8000여 명을 수용할 수 있는 규모의 스타디움에 언론인을 포함해서 950명만 개막식에 참석했다.
이날 개막식은 카운트다운 후 국기 게양과 국가 연주가 진행됐는데, 일본 국민 가수로 불리는 미샤가 기미가요를 불렀다. 
기미가요는 일왕을 찬양하는 내용을 담은 제국주의 시절 일본 국가로, 욱일승천기와 함께 일본 제국주의의 대표적인 상징으로 꼽힌다. 일본 공식 국가이지만 일왕 숭배 의미가 강하다는 이유에서 일본 내에서도 기미가요에 거부감을 느끼는 국민이 많은 것으로 전해지고 있다.
기미가요는 1945년 제2차 세계대전 패전 이후 폐지됐다. 하지만 1999년 일본 정부가 국기·국가에 관한 법률을 통해 슬그머니 국가로 공식화했다.
개막식에서 기미가요가 올려퍼질 것으로 알려져 개막식 전부터 논란이 일었다.
스포츠한국 노진주 기자 jinju217@sportshankook.co.kr"
"""태권도의 나라 이겼다"" 日언론, 심재영 꺾은 야마다에 환호",2021. 07. 24,강필주,OSEN,"[OSEN=강필주 기자] 일본 언론이 야마다 미유(28, 일본)의 승리에 의미를 부여했다.
야마다는 24일 오후 일본 지바현 마쿠라히 메세 A홀에서 열린 2020 도쿄올림픽 태권도 첫날 여자 49kg급 8강전에서 심재영(26, 춘천시청)을 16-7로 꺾었다.
이로써 야마다는 준결승에 진출, 태국의 파니팍 웡팟탄나킷을 상대하게 됐다. 
그러자 일본 '주니치신문'은 ""태권도의 나라 한국을 압도했다""고 강조했다. 이는 포털사이트 스포츠 페이지 1위를 차지하기도 했다. 
야마다는 첫 라운드에서 심재영과 탐색전을 펼친 후 2라운드 들어 몸통 공격을 잇따라 성공시키며 승기를 잡았다. 3라운드에서는 머리 공격까지 성공시켜 심재영의 추격을 따돌렸다. 
한편 야마다는 준결승에서 웡팟탄나킷에 12-34로 패해 결승 진출이 좌절됐다. 대신 동메달 결정전에 진출하게 됐다. /letmeout@osen.co.kr"
"""물에서 화장실 냄새가..수상경기장엔 굴 14t 서식""[이슈픽]",2021. 07. 24,김채현,서울신문,"폭스스포츠 “똥물에서 하는 수영”블룸버그 통신 “악취 진동”뉴욕포스트 “물에서 화장실 냄새가”워싱턴포스트 “14. 7억 들여 굴제거”
도쿄올림픽이 23일 개막한 가운데 트라이애슬론과 마라톤 수영 등 야외 수중 경기들이 펼쳐질 예정인 도쿄 ‘오다이바 해변’의 수질 문제가 다시금 논란이다.
2년 전에도 이같은 지적을 받은 만큼 선수들의 안전에 대해 우려의 목소리가 뒤따르고 있다.
24일 경기 일정표에 따르면, 트라이애슬론 경기가 26일, 27일 ‘오다이바 해변’에서 예정돼있다.
호주의 ‘폭스스포츠’는 지난 19일 “똥물에서 하는 수영, 올림픽 개최지에서 하수 유출이 두렵다”는 기사를 보도했다. 오다이바 해변을 ‘똥물’이라 지칭하며 노골적으로 비판한 것이다.
기사에는 “도쿄만 수질에 대한 우려가 제기됐다”며 “올림픽 종목인 마라톤 수영과 트라이애슬론 선수들의 우려를 초래했다”고 주장했다.
이어 “오다이바 해변 주변에서 악취가 난다”며 “대장균의 위험성 수위도 높아질 수 있다”고 말했다.
폭스스포츠는 “(트라이애슬론 경기가 열리는 날에) 도쿄에 많은 비가 내릴 것으로 예보됐다”며 “해변으로 하수 유출 위험이 높아진 상황”이라고 우려했다.
그러면서 “도쿄의 100년 된 하수구가 폭우가 온 뒤 범람하면 그 물이 이곳으로 흘러 들어간다”고 주장하기도 했다.
“올림픽 개막, 도쿄 야외 수영장 악취 진동”
블룸버그 통신 역시 지난 14일 오다이바 해변의 수질 문제에 대해 집중 보도했다. 해당 기사에서는 “도쿄 야외 수영장에서 악취가 진동한다”며 오다이바 해변의 이 같은 실태를 비판했다.
이어 “2년 전에도 (이곳은) 국제트라이애슬론연맹이 정해둔 대장균 기준치의 2배가 넘는 수치가 검출돼 장애인 트라이애슬론 대회가 취소됐다”며 “도쿄는 이후 퇴색된 이미지를 회복하기 위해 과감한 조치를 취했지만 수개월 동안 노력에도 불구하고 아직도 악취가 난다”고 보도했다.
뉴욕포스트도 20일 트라이애슬론과 마라톤 수영 경기가 열리는 도쿄만 오다이바 해변의 수질 상태가 심각하다고 보도했다.
올림픽 개막을 앞둔 상황에서 도쿄만의 물에서 악취가 나는 등 수질 상태가 의심된다는 것이다. 한 수영 선수는 뉴욕포스트에 “물에서 화장실 냄새가 난다”고 전하기도 했다.
수상경기장엔 굴 서식…14억원 들여 14t 가량 굴 제거
또 도쿄올림픽 카누, 조정이 열리는 우미노모리 수상경기장의 안전 점검이 필요하다는 지적이 나왔다.
21일 워싱턴포스트에 따르면, 카누와 조정이 열리는 도쿄만 우미노모리 수상경기장은 최근 ‘굴’로 인해 홍역을 치렀다.
우미노모리 수상경기장에서 굴이 처음 발견된 건 2019년이다. 이후 굴이 빠르게 번식했고 수상 장비에 달라붙어 가라앉게 만든 것이다.
경기 진행을 위한 수상 장비들이 자꾸 가라앉았는데, 약 14t에 달하는 굴이 서식하고 있었다.
아사히신문에 따르면 도쿄올림픽 조직위원회 관계자는 “이 굴을 식용으로 쓸 계획은 없다”며 “안전 점검이 필요한 상황”이라고 밝혔다.
세계조정규칙서엔 ‘레이스는 자연적, 또는 인공적 파도에 의해 영향을 받아서는 안 된다’고 명시돼 있고, 파도의 높이를 70%까지 줄일 수 있는 파도 방지 부양물 설치를 의무화했다.
그러나 5.6㎞에 걸친 파도 방지 부양물들에 굴이 서식하는 바람에 조직위는 수리할 수밖에 없었고, 보수 비용은 128만 달러(약 14억7000만원)나 됐다.
김채현 기자 chkim@seoul.co.kr"
"미국이 왜 뒤에.. 日, '스폰서 눈치보기' 속 올림픽 선수단 입장 뒤로",2021. 07. 23,강필주,OSEN,"[OSEN=강필주 기자] 2020도쿄올림픽 선수단 입장에서 미국이 뒤로 밀렸다.
23일 오후 8시 일본 도쿄올림픽 스타디움에서 열린 대회 개막식 공연 후 이어지는 선수단 입장은 전통적으로 올림픽 발상지 그리스 선수단이 가장 먼저 입장 퍼레이드를 펼친다. 이어 난민팀 선수단이 나오고 이후에는 일본어 순서에 따라 아이슬란드, 아일랜드 순으로 기수와 선수단이 함께 등장한다.
마지막 입장은 개최국인 일본이 나오고 김연경과 황선우를 기수로 내세운 한국은 103번째로 입장한다. 미국은 일본어로 '아메리카'로 불리는 만큼 초반에 나올 것이 예상됐다. 
그런데 이번 대회 개막식에는 조금 바뀌었다. 2028년 로스앤젤레스, 2024년 파리 대회를 앞둔 미국과 프랑스가 뒤로 밀렸다. 맨 마지막은 예정대로 개최국 일본 선수단이 등장했다. 이를 두고 일본 '마이니치신문'은 미국의 입김이 작용했을 것이라고 주장했다. 
신종 코로나바이러스 감염증(코로나19) 여파 속에 무관중으로 치러지는 개막식은 당초 간소화가 거론됐다. 하지만 국제올림픽위원회(IOC) 토마스 바흐 위원장이 개회식 행사가 필요하다고 주장을 굽히지 않으면서 이번 대회서도 계속 이어지게 됐다. 여기에는 선수단 입장도 포함돼 있다. 
이 매체에 따르면 바흐 위원장이 이렇듯 개막식에서 반드시 선수단 입장을 넣어야 한다고 주장한 것은 거액의 방영권료를 지불하고 있는 미국 NBC의 눈치를 봤기 때문이다. NBC는 지난 2014년 소치올림픽 때부터 2032년 대회까지 총 10개 대회를 위해 총 120억 3000만 달러(약 14조 원)를 지불했다. 
2000년 시드니 대회 이후 올림픽 방영권료는 꾸준하게 증가했다. 2016년 리우데자네이루 대회까지 4년 동안 방영권료가 41억 5700만 달러로 치솟아 시드니 대회와 비교해 2배 이상이 늘었다. 개막식 시청자는 전 세계 10억 명으로 추산되고 있다. 
이번 대회 개막식은 무관중으로 치러는지는 만큼 방송을 통해 비춰지는 것이 더욱 중요해졌다. 특히 향후 대회 개최국이 막판 등장하는 방식으로 변경됐다. 이에 마이니치신문은 ""향후 개최국을 돋보이게 할 연출로 보이지만 고액의 방영권료를 지불한 미국 방송상의 의향이 작용한 것""이라면서 ""미국이 일찌감치 입장을 마치면 시청자들이 채널을 돌릴 수 있기 때문""이라고 해석했다. 
이번 대회는 방송 영상의 역할이 한층 높아졌다. 경기장 80% 이상이 무관중으로 예고됐기 때문이다. 단 IOC는 이번 대회 국제 영상을 공급하는 올림픽방송서비스(OBS)는 9000시간 이상의 영상을 제공할 계획이다. /letmeout@osen.co.kr"
"[20도쿄] 귀화선수까지 합류 시킨 '일본', 올림픽 첫 경기부터 연장 접전 끝 패배",2021. 07. 24,김지용,점프볼,"24일 도쿄 아오미 어반 스포츠 파크에서 열린 2020 도쿄올림픽 남자 3x3 농구 예선에서 올림픽 주최국 일본이 연장 접전 끝에 폴란드에게 20-19로 패했다. 
여자 대표팀과 달리 2019년 11월, 올림픽 본선 직행 티켓을 따놓은 뒤 2년여간 올림픽을 준비했던 일본 남자 3x3 대표팀. 일본은 이번 올림픽을 앞두고 5대5 국가대표로도 활약했던 귀화선수 아이라 브라운을 합류시키는 파격적인 결정까지 했다. 
올림픽 주최국이자 세계 최초의 프로 3x3 리그를 만들었다는 일본의 자부심은 이번 올림픽에서 좋은 성적을 내야 한다는 열망으로 이어졌다. 
일본의 첫 상대는 유럽의 강호 폴란드였다. 지난 올림픽 1차 예선을 통해 올림픽 본선에 오른 폴란다는 마이클 힉스를 중심으로 FIBA 3x3 월드컵 2019에서 세계 1위 세르비아를 꺾고, 3위에 오른 강팀이다. 
경기는 일본의 기대와 다르게 흘러갔다. 폴란드가 초반부터 크게 앞섰다. 폴란드는 일본의 약점인 체격의 차이를 골밑에서 자신들의 우세로 연결했다. 
경기 초반 터진 마이클 힉스의 2점슛으로 4-0 리드를 잡으며 여유 있게 앞서 나갔던 폴란드. 하지만 경기 중반 일본의 아이라 브라운과 NCAA 네브라스카대학에서 활약하는 케이세이 토미나가에게 연달아 덩크슛을 허용하며 7-7로 동점을 내줬다. 
그러나 마이클 힉스와 파울로스키 파웰의 연속 2점슛으로 12-9로 재역전한 폴란드는 경기 종료 4분 전 마이클 힉스의 세 번째 2점슛이 터지며 16-9로 크게 도망갔다. 
연장전 선취 득점은 일본의 몫이었다. 2점을 선취 득점할 경우 승리하는 FIBA 3x3 연장전 규칙상 유리한 쪽은 일본이었다. 
선취 득점을 내준 폴란드는 승부를 걸었다. 19-18로 뒤지고 있던 폴란드는 자모스키 프리즈미슬라가 골밑에서 나온 패스를 무빙 2점슛으로 연결했고, 자모스키의 2점슛은 깔끔하게 림을 갈랐다. 
역전패의 위기까지 몰렸던 폴란드는 연장 혈투 끝에 1점 차 신승을 거뒀고, 올림픽 주최국 일본은 강렬했던 추격쇼에도 불구하고 올림픽 데뷔전을 패배로 끝마치고 말았다. 
일본은 오늘 오후 10시50분 벨기에를 상대로 올림픽 첫 승에 재도전한다. 
#사진_FIBA 제공"
"'월클대우'손흥민, 유럽파 '연봉 1000만 파운드' 시대를 열다",2021. 07. 24,윤진만,스포츠조선,"[스포츠조선 윤진만 기자]'주급 3억, 연봉 158억원'. 
대한민국 국적을 가진 축구선수 중 누구도 이 정도의 가치를 인정받은 선수는 없었다.
손흥민(29·토트넘)의 대선배 박지성(39) 현 전북 현대 클럽 어드바이저는 2019년 10월, 한 유튜브 방송에 출연해 '손박대전' 관련 질문을 받았을 때 ""내가 팀을 잘 만나 트로피가 많은 것 빼고는 다 손흥민이 (나보다)낫다. 연봉도 많이 받고 있질 않나""라며 손흥민의 '고액연봉'에 대해 언급했다. 
박지성이 보기에 손흥민은 대략 2년 전에도 놀랄만큼 높은 연봉을 받았다. 그 연봉이 23일 토트넘과 2025년까지 재계약을 맺으면서 한번 더 껑충 뛰었다. 메이저리거가 아닌 이상, 축구선수 중에선 그 누구와도 비교할 수 없는 경지에 이르렀다. 박지성이 맨유 시절 받던 연봉(400~500만 파운드대 추정)을 훌쩍 넘는다.
영국 매체 '텔레그라프' 보도에 따르면, 손흥민은 이번 연장계약으로 연봉이 1000만 파운드(약 158억원)로 올랐다. 이적료가 아닌 연봉으로 한국인 유럽파 1000만 파운드 시대를 열었다.
주급으로 따질 땐 보너스 제외 19만2000파운드(약 3억362만원)를 받는다. 종전 주급(11만 파운드)에서 약 1.74배 인상하며 팀내 최고 주급자였던 해리 케인과 어깨를 나란히 했다. 수당을 포함하면 이보다 더 높은 금액을 가져간다. 토트넘이 손흥민을 얼마나 높이 평가하는지를 엿볼 수 있는 대목이다.
손흥민은 새로운 계약기간을 모두 이행할 경우 토트넘에만 10년을 채운다. 지금까지 토트넘 유니폼을 입고 280경기에 출전해 107골을 넣었다. 지난시즌 컵포함 51경기에서 커리어 하이인 22골을 기록하며 개인경력 최초로 PFA 올해의 팀에 뽑혔다. 윤진만 기자 yoonjinman@sportschosun.com"
"[지바 현장인터뷰]8강 진출한 태권도 심재영 ""너무 긴장했다. 8강서 붙을 일본 선수와는 1승1패다""",2021. 07. 24,노주환,스포츠조선,"[지바(일본)=스포츠조선 노주환 기자]""긴장해서 어떻게 경기를 했는지 모르겠다. 다음 일본 상대(야마다)와는 1승1패다.""
16강을 통과한 심재영은 믹스트존 인터뷰에서 ""너무 긴장했다. 어떻게 했는지 모르겠다. 다음 상대(야마다)와는 한 번 이겼고, 한 번은 졌다. 이번에 이겨야 한다""면서 ""일본 선수와 대만 선수는 거의 대등한 싸움이 될 거라고 봤다. 첫판을 했는데 느낌이 좋다. 4강서 태국 선수와 만날 거 같은데 넘어야 한다. 준비한 대로 하겠다""고 말했다. 그는 이번 대회부터 새롭게 도입된 경기복(도복이 아님)에 대해 ""땀이 잘 흡수되지 않아 좀 불편하다""고 말했다. 
'얼음 파이터' 심재영(26·춘천시청)이 첫판을 가볍게 통과했다. 그의 8강 상대는 일본 야마다 미유다. 올림픽랭킹 세계 4위인 심재영은 24일 일본 지바 마쿠하리 메세홀에서 벌어진 18위 엘 부슈티(모로코)와의 도쿄올림픽 태권도 여자 49㎏급 16강전서19대10으로 승리했다. 시종일관 경기를 지배했다. 심재영은 1라운드 먼저 트렁크를 가격해 2점을 획득, 출발이 좋았다. 다음은 주먹 연속 가격으로 2점을 추가했다. 1라운드를 6-3으로 앞섰다. 2라운드 흐름도 다르지 않았다. 심재영이 5득점, 엘부슈티는 3득점 추가했다. 11-6으로 앞선 심재영은 3라운드에서도 리드를 지켰다. 
야마다는 앞서 16강전서 수포야(대만)에 10대9 역전승했다. 야마다는 2018년 자카르타-팔렘방아시안게임 동메달리스트다. 그는 3세 때 가라테를 먼저 시작했고 나중에 아버지의 권유로 태권도로 전향했다. 심재영이 야마다를 이기면 준결승에 나간다. 노주환 기자 nogoon@sportschosun.com"
"야구경기 맞나? 43득점 28안타 볼넷 31개, 6시간35분",2021. 07. 24,이사부,OSEN,"[OSEN=LA, 이사부 통신원] '이게 핸드볼 스코어지 야구 스코어라고?' 
MLB닷컴은 23일(한국시간) 도미니칸 서머리그에서 벌어진 한 경기를 24일 소개했다. 메이저리그 홈페이지에 소개가 될만큼 보기 드문 경기였기 때문이다.  이 경기를 소개한 기자는 제정신이 아니라고까지 표현했다.
도미니칸 서머리그 마리너스와 양키스의 이날 경기 스코어는 22-21. 양팀이 무려 43점을 기록했다. 양팀이 주고 받은 안타는 모두 28개. 여기에 양팀의 볼넷 합계는 31개였고, 한 선수가 7차례까지 타석에 들어설 기회가 있었고, 투수는 양팀에서 모두 13명이 투입됐다. 그리고 실책도 무려 양팀이 14차례나 저질렀다. 그러나 43점이 나는 동안 홈런은 단 1개밖에 없었다.
양키스는 8회까지 13-10으로 앞서 쉽게 승리하는 듯했다. 그러나 매리너스가 9회 초 6점을 엮어내며 완전히 전세를 뒤집었다. 그러나 양키스도 포기하지 않고 추격해 결국 9회 16-16을 만들며 승부를 연장으로 끌고 갔다. 
주자를 2루에 놓고 시작한 연장 10회서 매리너스는 안타와 2개의 실책, 3볼넷, 그리고 몸에 맞는 볼 등을 엮어 다시 6점을 보태며 승리를 확신했다. 
6점이나 뒤지면 말 공격에서 양키스 타자들의 기가 죽을 만도 한데 그렇지 않았다. 매리너스의 구원투수는 첫 세타자를 볼넷으로 내보내 불안했지만 다음 두 타자를 땅볼과 플라이 아웃으로 잡아 승리를 눈앞에 뒀다. 
하지만 양키스는 연속 안타에다 송구 실책까지 얻어내면서 21-22, 턱밑까지 추격에 성공했다. 동점 또는 역전도 가능했던 이 결정적인 순간 매리너스의 3루수가 땅볼을 잡아내며 주자를 침착하게 태그에 6시간 35분에 걸친 힘겨운 승부를 마감할 수 있었다.
메이저리그를 꿈꾸는 어린 선수들의 경기이긴 하지만 보기 드문 스코어임에는 틀림없다. /lsboo@osen.co.kr"
